source,hour_index,time,k,requested_fraction,recent_resources,min_recent_resources_selected,max_recent_resources_selected
hourly,8,2026-06-16 08:00:00+00:00,1,0.1,5,1,1
hourly,8,2026-06-16 08:00:00+00:00,2,0.25,5,2,2
hourly,8,2026-06-16 08:00:00+00:00,3,0.5,5,3,3
hourly,8,2026-06-16 08:00:00+00:00,5,1.0,5,5,5
hourly,9,2026-06-16 09:00:00+00:00,1,0.1,10,1,1
hourly,9,2026-06-16 09:00:00+00:00,3,0.25,10,3,3
hourly,9,2026-06-16 09:00:00+00:00,5,0.5,10,5,5
hourly,9,2026-06-16 09:00:00+00:00,10,1.0,10,10,10
hourly,10,2026-06-16 10:00:00+00:00,3,0.1,29,3,3
hourly,10,2026-06-16 10:00:00+00:00,8,0.25,29,8,8
hourly,10,2026-06-16 10:00:00+00:00,15,0.5,29,15,15
hourly,10,2026-06-16 10:00:00+00:00,29,1.0,29,29,29
hourly,11,2026-06-16 11:00:00+00:00,4,0.1,40,4,4
hourly,11,2026-06-16 11:00:00+00:00,10,0.25,40,10,10
hourly,11,2026-06-16 11:00:00+00:00,20,0.5,40,20,20
hourly,11,2026-06-16 11:00:00+00:00,40,1.0,40,40,40
hourly,12,2026-06-16 12:00:00+00:00,5,0.1,43,5,5
hourly,12,2026-06-16 12:00:00+00:00,11,0.25,43,11,11
hourly,12,2026-06-16 12:00:00+00:00,22,0.5,43,22,22
hourly,12,2026-06-16 12:00:00+00:00,43,1.0,43,43,43
hourly,13,2026-06-16 13:00:00+00:00,5,0.1,49,5,5
hourly,13,2026-06-16 13:00:00+00:00,13,0.25,49,13,13
hourly,13,2026-06-16 13:00:00+00:00,25,0.5,49,25,25
hourly,13,2026-06-16 13:00:00+00:00,49,1.0,49,49,49
hourly,14,2026-06-16 14:00:00+00:00,5,0.1,41,5,5
hourly,14,2026-06-16 14:00:00+00:00,11,0.25,41,11,11
hourly,14,2026-06-16 14:00:00+00:00,21,0.5,41,20,21
hourly,14,2026-06-16 14:00:00+00:00,41,1.0,41,33,40
hourly,15,2026-06-16 15:00:00+00:00,4,0.1,34,4,4
hourly,15,2026-06-16 15:00:00+00:00,9,0.25,34,9,9
hourly,15,2026-06-16 15:00:00+00:00,17,0.5,34,16,16
hourly,15,2026-06-16 15:00:00+00:00,34,1.0,34,21,31
hourly,16,2026-06-16 16:00:00+00:00,3,0.1,24,3,3
hourly,16,2026-06-16 16:00:00+00:00,6,0.25,24,6,6
hourly,16,2026-06-16 16:00:00+00:00,12,0.5,24,10,12
hourly,16,2026-06-16 16:00:00+00:00,24,1.0,24,17,17
hourly,17,2026-06-16 17:00:00+00:00,2,0.1,15,0,1
hourly,17,2026-06-16 17:00:00+00:00,4,0.25,15,1,2
hourly,17,2026-06-16 17:00:00+00:00,8,0.5,15,4,5
hourly,17,2026-06-16 17:00:00+00:00,15,1.0,15,6,7
hourly,18,2026-06-16 18:00:00+00:00,1,0.1,10,0,0
hourly,18,2026-06-16 18:00:00+00:00,3,0.25,10,1,1
hourly,18,2026-06-16 18:00:00+00:00,5,0.5,10,2,3
hourly,18,2026-06-16 18:00:00+00:00,10,1.0,10,4,4
hourly,19,2026-06-16 19:00:00+00:00,3,0.1,25,3,3
hourly,19,2026-06-16 19:00:00+00:00,7,0.25,25,6,6
hourly,19,2026-06-16 19:00:00+00:00,13,0.5,25,8,8
hourly,19,2026-06-16 19:00:00+00:00,25,1.0,25,11,11
hourly,20,2026-06-16 20:00:00+00:00,9,0.1,86,9,9
hourly,20,2026-06-16 20:00:00+00:00,22,0.25,86,21,21
hourly,20,2026-06-16 20:00:00+00:00,43,0.5,86,36,38
hourly,20,2026-06-16 20:00:00+00:00,86,1.0,86,57,72
hourly,21,2026-06-16 21:00:00+00:00,13,0.1,126,13,13
hourly,21,2026-06-16 21:00:00+00:00,32,0.25,126,32,32
hourly,21,2026-06-16 21:00:00+00:00,63,0.5,126,56,60
hourly,21,2026-06-16 21:00:00+00:00,126,1.0,126,92,115
hourly,22,2026-06-16 22:00:00+00:00,18,0.1,180,18,18
hourly,22,2026-06-16 22:00:00+00:00,45,0.25,180,44,45
hourly,22,2026-06-16 22:00:00+00:00,90,0.5,180,82,83
hourly,22,2026-06-16 22:00:00+00:00,180,1.0,180,147,169
hourly,23,2026-06-16 23:00:00+00:00,21,0.1,205,21,21
hourly,23,2026-06-16 23:00:00+00:00,52,0.25,205,51,52
hourly,23,2026-06-16 23:00:00+00:00,103,0.5,205,95,96
hourly,23,2026-06-16 23:00:00+00:00,205,1.0,205,173,194
hourly,24,2026-06-17 00:00:00+00:00,22,0.1,216,22,22
hourly,24,2026-06-17 00:00:00+00:00,54,0.25,216,53,54
hourly,24,2026-06-17 00:00:00+00:00,108,0.5,216,101,101
hourly,24,2026-06-17 00:00:00+00:00,216,1.0,216,184,205
hourly,25,2026-06-17 01:00:00+00:00,22,0.1,214,22,22
hourly,25,2026-06-17 01:00:00+00:00,54,0.25,214,53,54
hourly,25,2026-06-17 01:00:00+00:00,107,0.5,214,95,101
hourly,25,2026-06-17 01:00:00+00:00,214,1.0,214,162,196
hourly,26,2026-06-17 02:00:00+00:00,18,0.1,180,11,12
hourly,26,2026-06-17 02:00:00+00:00,45,0.25,180,36,36
hourly,26,2026-06-17 02:00:00+00:00,90,0.5,180,63,69
hourly,26,2026-06-17 02:00:00+00:00,180,1.0,180,111,128
hourly,27,2026-06-17 03:00:00+00:00,17,0.1,161,9,9
hourly,27,2026-06-17 03:00:00+00:00,41,0.25,161,25,26
hourly,27,2026-06-17 03:00:00+00:00,81,0.5,161,49,53
hourly,27,2026-06-17 03:00:00+00:00,161,1.0,161,82,100
hourly,28,2026-06-17 04:00:00+00:00,13,0.1,123,6,6
hourly,28,2026-06-17 04:00:00+00:00,31,0.25,123,13,13
hourly,28,2026-06-17 04:00:00+00:00,62,0.5,123,22,25
hourly,28,2026-06-17 04:00:00+00:00,123,1.0,123,44,53
hourly,29,2026-06-17 05:00:00+00:00,11,0.1,104,3,3
hourly,29,2026-06-17 05:00:00+00:00,26,0.25,104,6,7
hourly,29,2026-06-17 05:00:00+00:00,52,0.5,104,13,15
hourly,29,2026-06-17 05:00:00+00:00,104,1.0,104,31,31
hourly,30,2026-06-17 06:00:00+00:00,10,0.1,98,2,2
hourly,30,2026-06-17 06:00:00+00:00,25,0.25,98,6,6
hourly,30,2026-06-17 06:00:00+00:00,49,0.5,98,12,12
hourly,30,2026-06-17 06:00:00+00:00,98,1.0,98,22,28
hourly,31,2026-06-17 07:00:00+00:00,10,0.1,92,2,2
hourly,31,2026-06-17 07:00:00+00:00,23,0.25,92,6,6
hourly,31,2026-06-17 07:00:00+00:00,46,0.5,92,10,10
hourly,31,2026-06-17 07:00:00+00:00,92,1.0,92,20,26
hourly,32,2026-06-17 08:00:00+00:00,9,0.1,81,2,2
hourly,32,2026-06-17 08:00:00+00:00,21,0.25,81,5,5
hourly,32,2026-06-17 08:00:00+00:00,41,0.5,81,6,7
hourly,32,2026-06-17 08:00:00+00:00,81,1.0,81,12,16
hourly,33,2026-06-17 09:00:00+00:00,7,0.1,62,2,2
hourly,33,2026-06-17 09:00:00+00:00,16,0.25,62,4,4
hourly,33,2026-06-17 09:00:00+00:00,31,0.5,62,6,6
hourly,33,2026-06-17 09:00:00+00:00,62,1.0,62,9,10
hourly,34,2026-06-17 10:00:00+00:00,5,0.1,49,2,2
hourly,34,2026-06-17 10:00:00+00:00,13,0.25,49,2,3
hourly,34,2026-06-17 10:00:00+00:00,25,0.5,49,5,5
hourly,34,2026-06-17 10:00:00+00:00,49,1.0,49,7,7
hourly,35,2026-06-17 11:00:00+00:00,5,0.1,45,2,2
hourly,35,2026-06-17 11:00:00+00:00,12,0.25,45,2,3
hourly,35,2026-06-17 11:00:00+00:00,23,0.5,45,5,5
hourly,35,2026-06-17 11:00:00+00:00,45,1.0,45,7,7
hourly,36,2026-06-17 12:00:00+00:00,5,0.1,41,1,1
hourly,36,2026-06-17 12:00:00+00:00,11,0.25,41,1,1
hourly,36,2026-06-17 12:00:00+00:00,21,0.5,41,4,4
hourly,36,2026-06-17 12:00:00+00:00,41,1.0,41,4,4
hourly,37,2026-06-17 13:00:00+00:00,4,0.1,31,0,0
hourly,37,2026-06-17 13:00:00+00:00,8,0.25,31,1,1
hourly,37,2026-06-17 13:00:00+00:00,16,0.5,31,3,3
hourly,37,2026-06-17 13:00:00+00:00,31,1.0,31,4,5
hourly,38,2026-06-17 14:00:00+00:00,2,0.1,17,0,0
hourly,38,2026-06-17 14:00:00+00:00,5,0.25,17,1,1
hourly,38,2026-06-17 14:00:00+00:00,9,0.5,17,1,1
hourly,38,2026-06-17 14:00:00+00:00,17,1.0,17,2,3
hourly,39,2026-06-17 15:00:00+00:00,1,0.1,10,0,0
hourly,39,2026-06-17 15:00:00+00:00,3,0.25,10,0,0
hourly,39,2026-06-17 15:00:00+00:00,5,0.5,10,1,1
hourly,39,2026-06-17 15:00:00+00:00,10,1.0,10,1,1
hourly,40,2026-06-17 16:00:00+00:00,1,0.1,7,0,0
hourly,40,2026-06-17 16:00:00+00:00,2,0.25,7,0,0
hourly,40,2026-06-17 16:00:00+00:00,4,0.5,7,0,0
hourly,40,2026-06-17 16:00:00+00:00,7,1.0,7,0,0
hourly,41,2026-06-17 17:00:00+00:00,2,0.1,20,0,0
hourly,41,2026-06-17 17:00:00+00:00,5,0.25,20,0,0
hourly,41,2026-06-17 17:00:00+00:00,10,0.5,20,0,0
hourly,41,2026-06-17 17:00:00+00:00,20,1.0,20,0,0
hourly,42,2026-06-17 18:00:00+00:00,3,0.1,24,0,0
hourly,42,2026-06-17 18:00:00+00:00,6,0.25,24,0,0
hourly,42,2026-06-17 18:00:00+00:00,12,0.5,24,0,0
hourly,42,2026-06-17 18:00:00+00:00,24,1.0,24,1,1
hourly,43,2026-06-17 19:00:00+00:00,3,0.1,26,0,0
hourly,43,2026-06-17 19:00:00+00:00,7,0.25,26,0,0
hourly,43,2026-06-17 19:00:00+00:00,13,0.5,26,0,1
hourly,43,2026-06-17 19:00:00+00:00,26,1.0,26,2,2
hourly,44,2026-06-17 20:00:00+00:00,4,0.1,31,0,0
hourly,44,2026-06-17 20:00:00+00:00,8,0.25,31,1,1
hourly,44,2026-06-17 20:00:00+00:00,16,0.5,31,1,1
hourly,44,2026-06-17 20:00:00+00:00,31,1.0,31,3,3
hourly,45,2026-06-17 21:00:00+00:00,4,0.1,33,0,0
hourly,45,2026-06-17 21:00:00+00:00,9,0.25,33,1,1
hourly,45,2026-06-17 21:00:00+00:00,17,0.5,33,1,1
hourly,45,2026-06-17 21:00:00+00:00,33,1.0,33,3,5
hourly,46,2026-06-17 22:00:00+00:00,4,0.1,32,1,1
hourly,46,2026-06-17 22:00:00+00:00,8,0.25,32,1,1
hourly,46,2026-06-17 22:00:00+00:00,16,0.5,32,1,1
hourly,46,2026-06-17 22:00:00+00:00,32,1.0,32,6,7
hourly,47,2026-06-17 23:00:00+00:00,3,0.1,21,0,0
hourly,47,2026-06-17 23:00:00+00:00,6,0.25,21,1,1
hourly,47,2026-06-17 23:00:00+00:00,11,0.5,21,1,1
hourly,47,2026-06-17 23:00:00+00:00,21,1.0,21,4,5
hourly,48,2026-06-18 00:00:00+00:00,2,0.1,16,0,0
hourly,48,2026-06-18 00:00:00+00:00,4,0.25,16,1,1
hourly,48,2026-06-18 00:00:00+00:00,8,0.5,16,1,1
hourly,48,2026-06-18 00:00:00+00:00,16,1.0,16,5,5
hourly,49,2026-06-18 01:00:00+00:00,2,0.1,13,0,0
hourly,49,2026-06-18 01:00:00+00:00,4,0.25,13,1,1
hourly,49,2026-06-18 01:00:00+00:00,7,0.5,13,1,1
hourly,49,2026-06-18 01:00:00+00:00,13,1.0,13,3,3
hourly,50,2026-06-18 02:00:00+00:00,2,0.1,11,0,0
hourly,50,2026-06-18 02:00:00+00:00,3,0.25,11,0,0
hourly,50,2026-06-18 02:00:00+00:00,6,0.5,11,0,0
hourly,50,2026-06-18 02:00:00+00:00,11,1.0,11,2,3
hourly,51,2026-06-18 03:00:00+00:00,1,0.1,10,0,0
hourly,51,2026-06-18 03:00:00+00:00,3,0.25,10,0,0
hourly,51,2026-06-18 03:00:00+00:00,5,0.5,10,1,1
hourly,51,2026-06-18 03:00:00+00:00,10,1.0,10,3,4
hourly,52,2026-06-18 04:00:00+00:00,1,0.1,6,0,0
hourly,52,2026-06-18 04:00:00+00:00,2,0.25,6,0,0
hourly,52,2026-06-18 04:00:00+00:00,3,0.5,6,0,0
hourly,52,2026-06-18 04:00:00+00:00,6,1.0,6,2,2
hourly,53,2026-06-18 05:00:00+00:00,1,0.1,5,0,0
hourly,53,2026-06-18 05:00:00+00:00,2,0.25,5,0,0
hourly,53,2026-06-18 05:00:00+00:00,3,0.5,5,0,0
hourly,53,2026-06-18 05:00:00+00:00,5,1.0,5,2,2
hourly,54,2026-06-18 06:00:00+00:00,1,0.1,5,0,0
hourly,54,2026-06-18 06:00:00+00:00,2,0.25,5,0,0
hourly,54,2026-06-18 06:00:00+00:00,3,0.5,5,0,0
hourly,54,2026-06-18 06:00:00+00:00,5,1.0,5,2,2
hourly,55,2026-06-18 07:00:00+00:00,1,0.1,6,0,0
hourly,55,2026-06-18 07:00:00+00:00,2,0.25,6,0,0
hourly,55,2026-06-18 07:00:00+00:00,3,0.5,6,0,1
hourly,55,2026-06-18 07:00:00+00:00,6,1.0,6,2,3
hourly,56,2026-06-18 08:00:00+00:00,1,0.1,5,0,0
hourly,56,2026-06-18 08:00:00+00:00,2,0.25,5,0,0
hourly,56,2026-06-18 08:00:00+00:00,3,0.5,5,1,1
hourly,56,2026-06-18 08:00:00+00:00,5,1.0,5,2,2
hourly,57,2026-06-18 09:00:00+00:00,1,0.1,5,0,0
hourly,57,2026-06-18 09:00:00+00:00,2,0.25,5,1,1
hourly,57,2026-06-18 09:00:00+00:00,3,0.5,5,1,1
hourly,57,2026-06-18 09:00:00+00:00,5,1.0,5,1,2
hourly,58,2026-06-18 10:00:00+00:00,1,0.1,6,0,0
hourly,58,2026-06-18 10:00:00+00:00,2,0.25,6,1,1
hourly,58,2026-06-18 10:00:00+00:00,3,0.5,6,1,1
hourly,58,2026-06-18 10:00:00+00:00,6,1.0,6,2,2
hourly,59,2026-06-18 11:00:00+00:00,1,0.1,4,0,0
hourly,59,2026-06-18 11:00:00+00:00,1,0.25,4,0,0
hourly,59,2026-06-18 11:00:00+00:00,2,0.5,4,1,1
hourly,59,2026-06-18 11:00:00+00:00,4,1.0,4,1,1
hourly,60,2026-06-18 12:00:00+00:00,1,0.1,4,0,0
hourly,60,2026-06-18 12:00:00+00:00,1,0.25,4,0,0
hourly,60,2026-06-18 12:00:00+00:00,2,0.5,4,1,1
hourly,60,2026-06-18 12:00:00+00:00,4,1.0,4,1,1
hourly,61,2026-06-18 13:00:00+00:00,1,0.1,3,0,0
hourly,61,2026-06-18 13:00:00+00:00,1,0.25,3,0,0
hourly,61,2026-06-18 13:00:00+00:00,2,0.5,3,1,1
hourly,61,2026-06-18 13:00:00+00:00,3,1.0,3,1,1
hourly,62,2026-06-18 14:00:00+00:00,1,0.1,1,0,0
hourly,62,2026-06-18 14:00:00+00:00,1,0.25,1,0,0
hourly,62,2026-06-18 14:00:00+00:00,1,0.5,1,0,0
hourly,62,2026-06-18 14:00:00+00:00,1,1.0,1,0,0
hourly,63,2026-06-18 15:00:00+00:00,1,0.1,2,0,0
hourly,63,2026-06-18 15:00:00+00:00,1,0.25,2,0,0
hourly,63,2026-06-18 15:00:00+00:00,1,0.5,2,0,0
hourly,63,2026-06-18 15:00:00+00:00,2,1.0,2,0,0
hourly,64,2026-06-18 16:00:00+00:00,2,0.1,14,0,0
hourly,64,2026-06-18 16:00:00+00:00,4,0.25,14,0,1
hourly,64,2026-06-18 16:00:00+00:00,7,0.5,14,2,3
hourly,64,2026-06-18 16:00:00+00:00,14,1.0,14,3,3
hourly,65,2026-06-18 17:00:00+00:00,4,0.1,37,2,2
hourly,65,2026-06-18 17:00:00+00:00,10,0.25,37,6,6
hourly,65,2026-06-18 17:00:00+00:00,19,0.5,37,12,12
hourly,65,2026-06-18 17:00:00+00:00,37,1.0,37,23,25
hourly,66,2026-06-18 18:00:00+00:00,8,0.1,76,7,7
hourly,66,2026-06-18 18:00:00+00:00,19,0.25,76,15,15
hourly,66,2026-06-18 18:00:00+00:00,38,0.5,76,30,30
hourly,66,2026-06-18 18:00:00+00:00,76,1.0,76,55,65
hourly,67,2026-06-18 19:00:00+00:00,13,0.1,129,12,12
hourly,67,2026-06-18 19:00:00+00:00,33,0.25,129,30,30
hourly,67,2026-06-18 19:00:00+00:00,65,0.5,129,57,59
hourly,67,2026-06-18 19:00:00+00:00,129,1.0,129,111,119
hourly,68,2026-06-18 20:00:00+00:00,21,0.1,210,20,20
hourly,68,2026-06-18 20:00:00+00:00,53,0.25,210,51,51
hourly,68,2026-06-18 20:00:00+00:00,105,0.5,210,97,99
hourly,68,2026-06-18 20:00:00+00:00,210,1.0,210,195,202
hourly,69,2026-06-18 21:00:00+00:00,31,0.1,305,30,30
hourly,69,2026-06-18 21:00:00+00:00,77,0.25,305,75,76
hourly,69,2026-06-18 21:00:00+00:00,153,0.5,305,146,148
hourly,69,2026-06-18 21:00:00+00:00,305,1.0,305,285,298
hourly,70,2026-06-18 22:00:00+00:00,34,0.1,331,34,34
hourly,70,2026-06-18 22:00:00+00:00,83,0.25,331,82,82
hourly,70,2026-06-18 22:00:00+00:00,166,0.5,331,156,160
hourly,70,2026-06-18 22:00:00+00:00,331,1.0,331,311,321
hourly,71,2026-06-18 23:00:00+00:00,33,0.1,323,33,33
hourly,71,2026-06-18 23:00:00+00:00,81,0.25,323,79,79
hourly,71,2026-06-18 23:00:00+00:00,162,0.5,323,147,153
hourly,71,2026-06-18 23:00:00+00:00,323,1.0,323,295,308
hourly,72,2026-06-19 00:00:00+00:00,31,0.1,302,31,31
hourly,72,2026-06-19 00:00:00+00:00,76,0.25,302,72,72
hourly,72,2026-06-19 00:00:00+00:00,151,0.5,302,138,143
hourly,72,2026-06-19 00:00:00+00:00,302,1.0,302,250,278
hourly,73,2026-06-19 01:00:00+00:00,25,0.1,249,24,25
hourly,73,2026-06-19 01:00:00+00:00,63,0.25,249,54,57
hourly,73,2026-06-19 01:00:00+00:00,125,0.5,249,97,105
hourly,73,2026-06-19 01:00:00+00:00,249,1.0,249,163,195
hourly,74,2026-06-19 02:00:00+00:00,15,0.1,148,13,13
hourly,74,2026-06-19 02:00:00+00:00,37,0.25,148,23,24
hourly,74,2026-06-19 02:00:00+00:00,74,0.5,148,41,44
hourly,74,2026-06-19 02:00:00+00:00,148,1.0,148,79,88
hourly,75,2026-06-19 03:00:00+00:00,5,0.1,48,4,4
hourly,75,2026-06-19 03:00:00+00:00,12,0.25,48,6,7
hourly,75,2026-06-19 03:00:00+00:00,24,0.5,48,8,9
hourly,75,2026-06-19 03:00:00+00:00,48,1.0,48,12,13
hourly,76,2026-06-19 04:00:00+00:00,3,0.1,24,3,3
hourly,76,2026-06-19 04:00:00+00:00,6,0.25,24,3,3
hourly,76,2026-06-19 04:00:00+00:00,12,0.5,24,3,3
hourly,76,2026-06-19 04:00:00+00:00,24,1.0,24,4,4
hourly,77,2026-06-19 05:00:00+00:00,3,0.1,24,3,3
hourly,77,2026-06-19 05:00:00+00:00,6,0.25,24,3,3
hourly,77,2026-06-19 05:00:00+00:00,12,0.5,24,3,3
hourly,77,2026-06-19 05:00:00+00:00,24,1.0,24,4,4
hourly,78,2026-06-19 06:00:00+00:00,3,0.1,24,2,2
hourly,78,2026-06-19 06:00:00+00:00,6,0.25,24,2,2
hourly,78,2026-06-19 06:00:00+00:00,12,0.5,24,2,2
hourly,78,2026-06-19 06:00:00+00:00,24,1.0,24,3,3
hourly,79,2026-06-19 07:00:00+00:00,2,0.1,18,1,1
hourly,79,2026-06-19 07:00:00+00:00,5,0.25,18,2,2
hourly,79,2026-06-19 07:00:00+00:00,9,0.5,18,2,2
hourly,79,2026-06-19 07:00:00+00:00,18,1.0,18,2,2
hourly,80,2026-06-19 08:00:00+00:00,2,0.1,13,0,0
hourly,80,2026-06-19 08:00:00+00:00,4,0.25,13,0,0
hourly,80,2026-06-19 08:00:00+00:00,7,0.5,13,0,0
hourly,80,2026-06-19 08:00:00+00:00,13,1.0,13,0,0
hourly,81,2026-06-19 09:00:00+00:00,2,0.1,14,0,0
hourly,81,2026-06-19 09:00:00+00:00,4,0.25,14,0,0
hourly,81,2026-06-19 09:00:00+00:00,7,0.5,14,0,0
hourly,81,2026-06-19 09:00:00+00:00,14,1.0,14,0,0
hourly,82,2026-06-19 10:00:00+00:00,1,0.1,8,0,0
hourly,82,2026-06-19 10:00:00+00:00,2,0.25,8,0,0
hourly,82,2026-06-19 10:00:00+00:00,4,0.5,8,0,0
hourly,82,2026-06-19 10:00:00+00:00,8,1.0,8,0,0
hourly,83,2026-06-19 11:00:00+00:00,1,0.1,7,0,0
hourly,83,2026-06-19 11:00:00+00:00,2,0.25,7,0,0
hourly,83,2026-06-19 11:00:00+00:00,4,0.5,7,0,0
hourly,83,2026-06-19 11:00:00+00:00,7,1.0,7,0,0
hourly,84,2026-06-19 12:00:00+00:00,1,0.1,8,0,0
hourly,84,2026-06-19 12:00:00+00:00,2,0.25,8,0,0
hourly,84,2026-06-19 12:00:00+00:00,4,0.5,8,0,0
hourly,84,2026-06-19 12:00:00+00:00,8,1.0,8,0,0
hourly,85,2026-06-19 13:00:00+00:00,2,0.1,17,0,0
hourly,85,2026-06-19 13:00:00+00:00,5,0.25,17,0,0
hourly,85,2026-06-19 13:00:00+00:00,9,0.5,17,0,0
hourly,85,2026-06-19 13:00:00+00:00,17,1.0,17,1,1
hourly,86,2026-06-19 14:00:00+00:00,2,0.1,17,0,0
hourly,86,2026-06-19 14:00:00+00:00,5,0.25,17,0,0
hourly,86,2026-06-19 14:00:00+00:00,9,0.5,17,0,0
hourly,86,2026-06-19 14:00:00+00:00,17,1.0,17,0,0
hourly,87,2026-06-19 15:00:00+00:00,2,0.1,18,0,0
hourly,87,2026-06-19 15:00:00+00:00,5,0.25,18,0,0
hourly,87,2026-06-19 15:00:00+00:00,9,0.5,18,0,0
hourly,87,2026-06-19 15:00:00+00:00,18,1.0,18,0,0
hourly,88,2026-06-19 16:00:00+00:00,2,0.1,13,0,0
hourly,88,2026-06-19 16:00:00+00:00,4,0.25,13,0,0
hourly,88,2026-06-19 16:00:00+00:00,7,0.5,13,0,0
hourly,88,2026-06-19 16:00:00+00:00,13,1.0,13,0,0
hourly,89,2026-06-19 17:00:00+00:00,2,0.1,13,0,0
hourly,89,2026-06-19 17:00:00+00:00,4,0.25,13,0,0
hourly,89,2026-06-19 17:00:00+00:00,7,0.5,13,0,0
hourly,89,2026-06-19 17:00:00+00:00,13,1.0,13,0,0
hourly,90,2026-06-19 18:00:00+00:00,1,0.1,10,0,0
hourly,90,2026-06-19 18:00:00+00:00,3,0.25,10,0,0
hourly,90,2026-06-19 18:00:00+00:00,5,0.5,10,0,0
hourly,90,2026-06-19 18:00:00+00:00,10,1.0,10,0,0
hourly,91,2026-06-19 19:00:00+00:00,1,0.1,5,0,0
hourly,91,2026-06-19 19:00:00+00:00,2,0.25,5,0,0
hourly,91,2026-06-19 19:00:00+00:00,3,0.5,5,0,0
hourly,91,2026-06-19 19:00:00+00:00,5,1.0,5,0,0
hourly,92,2026-06-19 20:00:00+00:00,1,0.1,8,0,0
hourly,92,2026-06-19 20:00:00+00:00,2,0.25,8,0,0
hourly,92,2026-06-19 20:00:00+00:00,4,0.5,8,0,0
hourly,92,2026-06-19 20:00:00+00:00,8,1.0,8,0,0
hourly,93,2026-06-19 21:00:00+00:00,2,0.1,15,0,0
hourly,93,2026-06-19 21:00:00+00:00,4,0.25,15,1,1
hourly,93,2026-06-19 21:00:00+00:00,8,0.5,15,1,1
hourly,93,2026-06-19 21:00:00+00:00,15,1.0,15,2,3
hourly,94,2026-06-19 22:00:00+00:00,2,0.1,17,1,1
hourly,94,2026-06-19 22:00:00+00:00,5,0.25,17,2,2
hourly,94,2026-06-19 22:00:00+00:00,9,0.5,17,3,3
hourly,94,2026-06-19 22:00:00+00:00,17,1.0,17,4,5
hourly,95,2026-06-19 23:00:00+00:00,2,0.1,13,1,1
hourly,95,2026-06-19 23:00:00+00:00,4,0.25,13,1,1
hourly,95,2026-06-19 23:00:00+00:00,7,0.5,13,2,3
hourly,95,2026-06-19 23:00:00+00:00,13,1.0,13,3,4
hourly,96,2026-06-20 00:00:00+00:00,1,0.1,3,0,0
hourly,96,2026-06-20 00:00:00+00:00,1,0.25,3,0,0
hourly,96,2026-06-20 00:00:00+00:00,2,0.5,3,0,0
hourly,96,2026-06-20 00:00:00+00:00,3,1.0,3,0,0
hourly,97,2026-06-20 01:00:00+00:00,1,0.1,4,0,0
hourly,97,2026-06-20 01:00:00+00:00,1,0.25,4,0,0
hourly,97,2026-06-20 01:00:00+00:00,2,0.5,4,1,1
hourly,97,2026-06-20 01:00:00+00:00,4,1.0,4,2,2
hourly,98,2026-06-20 02:00:00+00:00,2,0.1,18,2,2
hourly,98,2026-06-20 02:00:00+00:00,5,0.25,18,4,5
hourly,98,2026-06-20 02:00:00+00:00,9,0.5,18,5,6
hourly,98,2026-06-20 02:00:00+00:00,18,1.0,18,6,12
hourly,99,2026-06-20 03:00:00+00:00,3,0.1,25,3,3
hourly,99,2026-06-20 03:00:00+00:00,7,0.25,25,7,7
hourly,99,2026-06-20 03:00:00+00:00,13,0.5,25,10,12
hourly,99,2026-06-20 03:00:00+00:00,25,1.0,25,12,19
hourly,100,2026-06-20 04:00:00+00:00,4,0.1,31,4,4
hourly,100,2026-06-20 04:00:00+00:00,8,0.25,31,8,8
hourly,100,2026-06-20 04:00:00+00:00,16,0.5,31,12,16
hourly,100,2026-06-20 04:00:00+00:00,31,1.0,31,16,25
hourly,101,2026-06-20 05:00:00+00:00,4,0.1,33,4,4
hourly,101,2026-06-20 05:00:00+00:00,9,0.25,33,9,9
hourly,101,2026-06-20 05:00:00+00:00,17,0.5,33,13,17
hourly,101,2026-06-20 05:00:00+00:00,33,1.0,33,17,28
hourly,102,2026-06-20 06:00:00+00:00,4,0.1,37,4,4
hourly,102,2026-06-20 06:00:00+00:00,10,0.25,37,10,10
hourly,102,2026-06-20 06:00:00+00:00,19,0.5,37,17,19
hourly,102,2026-06-20 06:00:00+00:00,37,1.0,37,23,33
hourly,103,2026-06-20 07:00:00+00:00,5,0.1,42,5,5
hourly,103,2026-06-20 07:00:00+00:00,11,0.25,42,11,11
hourly,103,2026-06-20 07:00:00+00:00,21,0.5,42,21,21
hourly,103,2026-06-20 07:00:00+00:00,42,1.0,42,28,38
hourly,104,2026-06-20 08:00:00+00:00,4,0.1,34,4,4
hourly,104,2026-06-20 08:00:00+00:00,9,0.25,34,9,9
hourly,104,2026-06-20 08:00:00+00:00,17,0.5,34,16,16
hourly,104,2026-06-20 08:00:00+00:00,34,1.0,34,26,28
hourly,105,2026-06-20 09:00:00+00:00,3,0.1,27,2,2
hourly,105,2026-06-20 09:00:00+00:00,7,0.25,27,5,6
hourly,105,2026-06-20 09:00:00+00:00,14,0.5,27,9,10
hourly,105,2026-06-20 09:00:00+00:00,27,1.0,27,16,20
hourly,106,2026-06-20 10:00:00+00:00,3,0.1,25,0,0
hourly,106,2026-06-20 10:00:00+00:00,7,0.25,25,3,4
hourly,106,2026-06-20 10:00:00+00:00,13,0.5,25,6,7
hourly,106,2026-06-20 10:00:00+00:00,25,1.0,25,12,13
hourly,107,2026-06-20 11:00:00+00:00,4,0.1,31,1,1
hourly,107,2026-06-20 11:00:00+00:00,8,0.25,31,4,5
hourly,107,2026-06-20 11:00:00+00:00,16,0.5,31,8,9
hourly,107,2026-06-20 11:00:00+00:00,31,1.0,31,13,18
hourly,108,2026-06-20 12:00:00+00:00,4,0.1,31,1,1
hourly,108,2026-06-20 12:00:00+00:00,8,0.25,31,3,4
hourly,108,2026-06-20 12:00:00+00:00,16,0.5,31,6,7
hourly,108,2026-06-20 12:00:00+00:00,31,1.0,31,10,14
hourly,109,2026-06-20 13:00:00+00:00,3,0.1,21,0,0
hourly,109,2026-06-20 13:00:00+00:00,6,0.25,21,1,1
hourly,109,2026-06-20 13:00:00+00:00,11,0.5,21,2,2
hourly,109,2026-06-20 13:00:00+00:00,21,1.0,21,3,6
hourly,110,2026-06-20 14:00:00+00:00,3,0.1,23,0,0
hourly,110,2026-06-20 14:00:00+00:00,6,0.25,23,1,1
hourly,110,2026-06-20 14:00:00+00:00,12,0.5,23,2,2
hourly,110,2026-06-20 14:00:00+00:00,23,1.0,23,5,6
hourly,111,2026-06-20 15:00:00+00:00,3,0.1,23,0,0
hourly,111,2026-06-20 15:00:00+00:00,6,0.25,23,1,1
hourly,111,2026-06-20 15:00:00+00:00,12,0.5,23,2,2
hourly,111,2026-06-20 15:00:00+00:00,23,1.0,23,5,5
hourly,112,2026-06-20 16:00:00+00:00,2,0.1,18,0,0
hourly,112,2026-06-20 16:00:00+00:00,5,0.25,18,1,1
hourly,112,2026-06-20 16:00:00+00:00,9,0.5,18,2,2
hourly,112,2026-06-20 16:00:00+00:00,18,1.0,18,4,5
hourly,113,2026-06-20 17:00:00+00:00,2,0.1,12,0,0
hourly,113,2026-06-20 17:00:00+00:00,3,0.25,12,0,0
hourly,113,2026-06-20 17:00:00+00:00,6,0.5,12,0,0
hourly,113,2026-06-20 17:00:00+00:00,12,1.0,12,1,1
hourly,114,2026-06-20 18:00:00+00:00,1,0.1,10,0,0
hourly,114,2026-06-20 18:00:00+00:00,3,0.25,10,0,0
hourly,114,2026-06-20 18:00:00+00:00,5,0.5,10,0,0
hourly,114,2026-06-20 18:00:00+00:00,10,1.0,10,1,2
hourly,115,2026-06-20 19:00:00+00:00,1,0.1,8,0,0
hourly,115,2026-06-20 19:00:00+00:00,2,0.25,8,0,0
hourly,115,2026-06-20 19:00:00+00:00,4,0.5,8,0,0
hourly,115,2026-06-20 19:00:00+00:00,8,1.0,8,2,2
hourly,116,2026-06-20 20:00:00+00:00,1,0.1,6,0,0
hourly,116,2026-06-20 20:00:00+00:00,2,0.25,6,0,0
hourly,116,2026-06-20 20:00:00+00:00,3,0.5,6,0,0
hourly,116,2026-06-20 20:00:00+00:00,6,1.0,6,0,0
hourly,117,2026-06-20 21:00:00+00:00,1,0.1,5,0,0
hourly,117,2026-06-20 21:00:00+00:00,2,0.25,5,0,0
hourly,117,2026-06-20 21:00:00+00:00,3,0.5,5,0,0
hourly,117,2026-06-20 21:00:00+00:00,5,1.0,5,0,0
hourly,118,2026-06-20 22:00:00+00:00,1,0.1,8,0,0
hourly,118,2026-06-20 22:00:00+00:00,2,0.25,8,0,0
hourly,118,2026-06-20 22:00:00+00:00,4,0.5,8,0,0
hourly,118,2026-06-20 22:00:00+00:00,8,1.0,8,2,2
hourly,119,2026-06-20 23:00:00+00:00,1,0.1,8,0,0
hourly,119,2026-06-20 23:00:00+00:00,2,0.25,8,0,0
hourly,119,2026-06-20 23:00:00+00:00,4,0.5,8,0,0
hourly,119,2026-06-20 23:00:00+00:00,8,1.0,8,2,2
hourly,120,2026-06-21 00:00:00+00:00,1,0.1,6,0,0
hourly,120,2026-06-21 00:00:00+00:00,2,0.25,6,0,0
hourly,120,2026-06-21 00:00:00+00:00,3,0.5,6,0,0
hourly,120,2026-06-21 00:00:00+00:00,6,1.0,6,0,1
hourly,121,2026-06-21 01:00:00+00:00,1,0.1,5,0,0
hourly,121,2026-06-21 01:00:00+00:00,2,0.25,5,0,0
hourly,121,2026-06-21 01:00:00+00:00,3,0.5,5,0,0
hourly,121,2026-06-21 01:00:00+00:00,5,1.0,5,0,0
hourly,122,2026-06-21 02:00:00+00:00,1,0.1,6,0,0
hourly,122,2026-06-21 02:00:00+00:00,2,0.25,6,0,0
hourly,122,2026-06-21 02:00:00+00:00,3,0.5,6,0,0
hourly,122,2026-06-21 02:00:00+00:00,6,1.0,6,1,2
hourly,123,2026-06-21 03:00:00+00:00,1,0.1,7,0,0
hourly,123,2026-06-21 03:00:00+00:00,2,0.25,7,0,0
hourly,123,2026-06-21 03:00:00+00:00,4,0.5,7,0,1
hourly,123,2026-06-21 03:00:00+00:00,7,1.0,7,1,1
hourly,124,2026-06-21 04:00:00+00:00,1,0.1,9,1,1
hourly,124,2026-06-21 04:00:00+00:00,3,0.25,9,1,1
hourly,124,2026-06-21 04:00:00+00:00,5,0.5,9,1,2
hourly,124,2026-06-21 04:00:00+00:00,9,1.0,9,2,3
hourly,125,2026-06-21 05:00:00+00:00,1,0.1,9,1,1
hourly,125,2026-06-21 05:00:00+00:00,3,0.25,9,1,2
hourly,125,2026-06-21 05:00:00+00:00,5,0.5,9,2,2
hourly,125,2026-06-21 05:00:00+00:00,9,1.0,9,2,3
hourly,126,2026-06-21 06:00:00+00:00,1,0.1,8,1,1
hourly,126,2026-06-21 06:00:00+00:00,2,0.25,8,1,1
hourly,126,2026-06-21 06:00:00+00:00,4,0.5,8,1,1
hourly,126,2026-06-21 06:00:00+00:00,8,1.0,8,2,3
hourly,127,2026-06-21 07:00:00+00:00,2,0.1,12,1,2
hourly,127,2026-06-21 07:00:00+00:00,3,0.25,12,1,2
hourly,127,2026-06-21 07:00:00+00:00,6,0.5,12,3,3
hourly,127,2026-06-21 07:00:00+00:00,12,1.0,12,3,4
hourly,128,2026-06-21 08:00:00+00:00,2,0.1,13,2,2
hourly,128,2026-06-21 08:00:00+00:00,4,0.25,13,2,4
hourly,128,2026-06-21 08:00:00+00:00,7,0.5,13,4,4
hourly,128,2026-06-21 08:00:00+00:00,13,1.0,13,4,5
hourly,129,2026-06-21 09:00:00+00:00,3,0.1,21,3,3
hourly,129,2026-06-21 09:00:00+00:00,6,0.25,21,4,6
hourly,129,2026-06-21 09:00:00+00:00,11,0.5,21,6,8
hourly,129,2026-06-21 09:00:00+00:00,21,1.0,21,9,12
hourly,130,2026-06-21 10:00:00+00:00,3,0.1,22,3,3
hourly,130,2026-06-21 10:00:00+00:00,6,0.25,22,6,6
hourly,130,2026-06-21 10:00:00+00:00,11,0.5,22,8,8
hourly,130,2026-06-21 10:00:00+00:00,22,1.0,22,12,15
hourly,131,2026-06-21 11:00:00+00:00,3,0.1,26,3,3
hourly,131,2026-06-21 11:00:00+00:00,7,0.25,26,6,6
hourly,131,2026-06-21 11:00:00+00:00,13,0.5,26,11,11
hourly,131,2026-06-21 11:00:00+00:00,26,1.0,26,16,18
hourly,132,2026-06-21 12:00:00+00:00,3,0.1,27,3,3
hourly,132,2026-06-21 12:00:00+00:00,7,0.25,27,5,6
hourly,132,2026-06-21 12:00:00+00:00,14,0.5,27,10,10
hourly,132,2026-06-21 12:00:00+00:00,27,1.0,27,15,21
hourly,133,2026-06-21 13:00:00+00:00,3,0.1,24,1,2
hourly,133,2026-06-21 13:00:00+00:00,6,0.25,24,3,4
hourly,133,2026-06-21 13:00:00+00:00,12,0.5,24,8,8
hourly,133,2026-06-21 13:00:00+00:00,24,1.0,24,13,17
hourly,134,2026-06-21 14:00:00+00:00,3,0.1,26,1,2
hourly,134,2026-06-21 14:00:00+00:00,7,0.25,26,4,5
hourly,134,2026-06-21 14:00:00+00:00,13,0.5,26,9,9
hourly,134,2026-06-21 14:00:00+00:00,26,1.0,26,16,19
hourly,135,2026-06-21 15:00:00+00:00,3,0.1,22,0,1
hourly,135,2026-06-21 15:00:00+00:00,6,0.25,22,3,3
hourly,135,2026-06-21 15:00:00+00:00,11,0.5,22,6,7
hourly,135,2026-06-21 15:00:00+00:00,22,1.0,22,14,14
hourly,136,2026-06-21 16:00:00+00:00,3,0.1,22,0,1
hourly,136,2026-06-21 16:00:00+00:00,6,0.25,22,3,3
hourly,136,2026-06-21 16:00:00+00:00,11,0.5,22,6,7
hourly,136,2026-06-21 16:00:00+00:00,22,1.0,22,12,13
hourly,137,2026-06-21 17:00:00+00:00,2,0.1,18,0,0
hourly,137,2026-06-21 17:00:00+00:00,5,0.25,18,2,2
hourly,137,2026-06-21 17:00:00+00:00,9,0.5,18,4,5
hourly,137,2026-06-21 17:00:00+00:00,18,1.0,18,9,10
hourly,138,2026-06-21 18:00:00+00:00,2,0.1,18,0,0
hourly,138,2026-06-21 18:00:00+00:00,5,0.25,18,2,2
hourly,138,2026-06-21 18:00:00+00:00,9,0.5,18,3,5
hourly,138,2026-06-21 18:00:00+00:00,18,1.0,18,8,8
hourly,139,2026-06-21 19:00:00+00:00,3,0.1,21,1,1
hourly,139,2026-06-21 19:00:00+00:00,6,0.25,21,3,3
hourly,139,2026-06-21 19:00:00+00:00,11,0.5,21,6,6
hourly,139,2026-06-21 19:00:00+00:00,21,1.0,21,10,11
hourly,140,2026-06-21 20:00:00+00:00,3,0.1,22,1,1
hourly,140,2026-06-21 20:00:00+00:00,6,0.25,22,2,2
hourly,140,2026-06-21 20:00:00+00:00,11,0.5,22,5,7
hourly,140,2026-06-21 20:00:00+00:00,22,1.0,22,9,11
hourly,141,2026-06-21 21:00:00+00:00,3,0.1,23,2,2
hourly,141,2026-06-21 21:00:00+00:00,6,0.25,23,2,3
hourly,141,2026-06-21 21:00:00+00:00,12,0.5,23,6,7
hourly,141,2026-06-21 21:00:00+00:00,23,1.0,23,10,11
hourly,142,2026-06-21 22:00:00+00:00,3,0.1,23,2,2
hourly,142,2026-06-21 22:00:00+00:00,6,0.25,23,3,4
hourly,142,2026-06-21 22:00:00+00:00,12,0.5,23,7,7
hourly,142,2026-06-21 22:00:00+00:00,23,1.0,23,11,12
hourly,143,2026-06-21 23:00:00+00:00,3,0.1,23,3,3
hourly,143,2026-06-21 23:00:00+00:00,6,0.25,23,4,5
hourly,143,2026-06-21 23:00:00+00:00,12,0.5,23,7,8
hourly,143,2026-06-21 23:00:00+00:00,23,1.0,23,11,12
hourly,144,2026-06-22 00:00:00+00:00,3,0.1,25,3,3
hourly,144,2026-06-22 00:00:00+00:00,7,0.25,25,5,6
hourly,144,2026-06-22 00:00:00+00:00,13,0.5,25,9,9
hourly,144,2026-06-22 00:00:00+00:00,25,1.0,25,12,14
hourly,145,2026-06-22 01:00:00+00:00,3,0.1,25,3,3
hourly,145,2026-06-22 01:00:00+00:00,7,0.25,25,6,6
hourly,145,2026-06-22 01:00:00+00:00,13,0.5,25,9,9
hourly,145,2026-06-22 01:00:00+00:00,25,1.0,25,12,13
hourly,146,2026-06-22 02:00:00+00:00,2,0.1,20,2,2
hourly,146,2026-06-22 02:00:00+00:00,5,0.25,20,3,4
hourly,146,2026-06-22 02:00:00+00:00,10,0.5,20,6,6
hourly,146,2026-06-22 02:00:00+00:00,20,1.0,20,8,8
hourly,147,2026-06-22 03:00:00+00:00,6,0.1,51,6,6
hourly,147,2026-06-22 03:00:00+00:00,13,0.25,51,9,9
hourly,147,2026-06-22 03:00:00+00:00,26,0.5,51,13,15
hourly,147,2026-06-22 03:00:00+00:00,51,1.0,51,27,27
hourly,148,2026-06-22 04:00:00+00:00,6,0.1,56,5,5
hourly,148,2026-06-22 04:00:00+00:00,14,0.25,56,7,8
hourly,148,2026-06-22 04:00:00+00:00,28,0.5,56,12,16
hourly,148,2026-06-22 04:00:00+00:00,56,1.0,56,28,32
hourly,149,2026-06-22 05:00:00+00:00,6,0.1,55,4,5
hourly,149,2026-06-22 05:00:00+00:00,14,0.25,55,6,7
hourly,149,2026-06-22 05:00:00+00:00,28,0.5,55,11,15
hourly,149,2026-06-22 05:00:00+00:00,55,1.0,55,27,30
hourly,150,2026-06-22 06:00:00+00:00,5,0.1,50,4,4
hourly,150,2026-06-22 06:00:00+00:00,13,0.25,50,5,5
hourly,150,2026-06-22 06:00:00+00:00,25,0.5,50,10,11
hourly,150,2026-06-22 06:00:00+00:00,50,1.0,50,24,25
hourly,151,2026-06-22 07:00:00+00:00,5,0.1,44,3,4
hourly,151,2026-06-22 07:00:00+00:00,11,0.25,44,5,5
hourly,151,2026-06-22 07:00:00+00:00,22,0.5,44,8,10
hourly,151,2026-06-22 07:00:00+00:00,44,1.0,44,17,23
hourly,152,2026-06-22 08:00:00+00:00,5,0.1,44,4,4
hourly,152,2026-06-22 08:00:00+00:00,11,0.25,44,5,5
hourly,152,2026-06-22 08:00:00+00:00,22,0.5,44,9,10
hourly,152,2026-06-22 08:00:00+00:00,44,1.0,44,18,23
hourly,153,2026-06-22 09:00:00+00:00,4,0.1,35,4,4
hourly,153,2026-06-22 09:00:00+00:00,9,0.25,35,6,6
hourly,153,2026-06-22 09:00:00+00:00,18,0.5,35,9,9
hourly,153,2026-06-22 09:00:00+00:00,35,1.0,35,9,10
hourly,154,2026-06-22 10:00:00+00:00,4,0.1,32,4,4
hourly,154,2026-06-22 10:00:00+00:00,8,0.25,32,6,6
hourly,154,2026-06-22 10:00:00+00:00,16,0.5,32,8,8
hourly,154,2026-06-22 10:00:00+00:00,32,1.0,32,8,10
hourly,155,2026-06-22 11:00:00+00:00,4,0.1,32,4,4
hourly,155,2026-06-22 11:00:00+00:00,8,0.25,32,6,6
hourly,155,2026-06-22 11:00:00+00:00,16,0.5,32,7,8
hourly,155,2026-06-22 11:00:00+00:00,32,1.0,32,8,10
hourly,156,2026-06-22 12:00:00+00:00,4,0.1,32,4,4
hourly,156,2026-06-22 12:00:00+00:00,8,0.25,32,6,6
hourly,156,2026-06-22 12:00:00+00:00,16,0.5,32,7,8
hourly,156,2026-06-22 12:00:00+00:00,32,1.0,32,9,10
hourly,157,2026-06-22 13:00:00+00:00,4,0.1,32,4,4
hourly,157,2026-06-22 13:00:00+00:00,8,0.25,32,6,6
hourly,157,2026-06-22 13:00:00+00:00,16,0.5,32,7,8
hourly,157,2026-06-22 13:00:00+00:00,32,1.0,32,10,10
hourly,158,2026-06-22 14:00:00+00:00,4,0.1,32,4,4
hourly,158,2026-06-22 14:00:00+00:00,8,0.25,32,6,6
hourly,158,2026-06-22 14:00:00+00:00,16,0.5,32,7,8
hourly,158,2026-06-22 14:00:00+00:00,32,1.0,32,10,11
frozen,0,2026-06-19 14:05:02+00:00,2,0.1,18,0,0
frozen,0,2026-06-19 14:05:02+00:00,5,0.25,18,0,0
frozen,0,2026-06-19 14:05:02+00:00,9,0.5,18,0,0
frozen,0,2026-06-19 14:05:02+00:00,18,1.0,18,0,0
