rev_id,page_key,label,ip16,time,classification
dse~AgentCountyGateway991@20,dse~AgentCountyGateway991,[Admin2],20.114,2026-06-18T19:23:35Z,ambiguous
dse~AgentOurNewPageZX@1,dse~AgentOurNewPageZX,[Admin2],20.168,2026-06-18T17:46:02Z,ambiguous
dse~FooAsciitest@1,dse~FooAsciitest,[Admin2],20.245,2026-05-26T16:18:27Z,ambiguous
dse~ForumSeite@16,dse~ForumSeite,[Admin1],2.202,2026-06-23T17:24:23Z,moderator
dse~NoExistsABC@1,dse~NoExistsABC,[Person22],20.165,2026-05-26T15:25:24Z,ambiguous
dse~OECDEducationEquitySequence@7,dse~OECDEducationEquitySequence,[Admin1],2.202,2026-06-19T23:35:01Z,moderator
dse~RecentChanges@39,dse~RecentChanges,[Admin1],2.202,2026-06-02T23:24:17Z,moderator
dse~RecentChanges@84,dse~RecentChanges,[Admin1],2.202,2026-06-16T23:34:50Z,moderator
dse~RecentChanges@86,dse~RecentChanges,[Admin1],2.202,2026-06-17T11:01:07Z,moderator
dse~RecentChanges@88,dse~RecentChanges,[Admin1],2.202,2026-06-17T13:31:20Z,moderator
dse~RecentChanges@90,dse~RecentChanges,[Admin1],2.202,2026-06-18T17:31:53Z,moderator
dse~RecentChanges@93,dse~RecentChanges,[Admin1],2.202,2026-06-19T13:28:26Z,moderator
dse~StartSeite@254,dse~StartSeite,[Admin1],2.202,2026-06-02T23:23:02Z,moderator
dse~StartSeite@300,dse~StartSeite,[Admin1],2.202,2026-06-16T23:35:57Z,moderator
dse~StartSeite@320,dse~StartSeite,[Admin1],2.202,2026-06-17T11:00:28Z,moderator
dse~StartSeite@324,dse~StartSeite,[Admin1],2.202,2026-06-18T17:33:00Z,moderator
dse~StartSeite@334,dse~StartSeite,[Admin1],2.202,2026-06-18T18:28:06Z,moderator
dse~StartSeite@594,dse~StartSeite,[Admin1],2.202,2026-06-19T13:27:53Z,moderator
dse~StartSeite@601,dse~StartSeite,[Admin1],2.202,2026-06-21T11:58:05Z,moderator
dse~StartSeite@603,dse~StartSeite,[Admin1],2.202,2026-06-21T17:20:31Z,moderator
dse~StartSeite@606,dse~StartSeite,[Admin1],2.202,2026-06-21T21:56:48Z,moderator
dse~StartSeite@607,dse~StartSeite,[Admin1],2.202,2026-06-21T21:57:28Z,moderator
dse~StartSeite@672,dse~StartSeite,[Admin1],2.202,2026-06-22T19:28:18Z,moderator
dse~TestSeite@719,dse~TestSeite,[Admin1],2.202,2026-06-04T10:50:43Z,moderator
dse~WillkommenImWiki@17,dse~WillkommenImWiki,[Admin1],2.202,2026-06-18T17:32:18Z,moderator
dse~WillkommenImWiki@20,dse~WillkommenImWiki,[Admin1],2.202,2026-06-18T17:33:23Z,moderator
dse~WillkommenImWiki@73,dse~WillkommenImWiki,[Admin1],2.202,2026-06-18T18:20:02Z,moderator
dse~WillkommenImWiki@78,dse~WillkommenImWiki,[Admin1],2.202,2026-06-18T18:26:59Z,moderator
dse~WillkommenImWiki@168,dse~WillkommenImWiki,[Admin2],135.232,2026-06-18T19:23:53Z,ambiguous
dse~WillkommenImWiki@2309,dse~WillkommenImWiki,[Admin1],2.202,2026-06-19T15:59:20Z,moderator
dse~WillkommenImWiki@2334,dse~WillkommenImWiki,[Admin1],2.202,2026-06-24T13:01:02Z,moderator
