source,hour_index,time,evaluation_hours,ranking_hours,older_candidates,recent_resources,recent_labels
hourly,1,2026-06-16 01:00:00+00:00,1,24,0,0,0
hourly,1,2026-06-16 01:00:00+00:00,3,24,0,0,0
hourly,1,2026-06-16 01:00:00+00:00,6,24,0,0,0
hourly,1,2026-06-16 01:00:00+00:00,12,24,0,0,0
hourly,2,2026-06-16 02:00:00+00:00,1,24,0,0,0
hourly,2,2026-06-16 02:00:00+00:00,3,24,0,0,0
hourly,2,2026-06-16 02:00:00+00:00,6,24,0,0,0
hourly,2,2026-06-16 02:00:00+00:00,12,24,0,0,0
hourly,3,2026-06-16 03:00:00+00:00,1,24,0,0,0
hourly,3,2026-06-16 03:00:00+00:00,3,24,0,0,0
hourly,3,2026-06-16 03:00:00+00:00,6,24,0,0,0
hourly,3,2026-06-16 03:00:00+00:00,12,24,0,0,0
hourly,4,2026-06-16 04:00:00+00:00,1,24,0,0,0
hourly,4,2026-06-16 04:00:00+00:00,3,24,0,0,0
hourly,4,2026-06-16 04:00:00+00:00,6,24,0,0,0
hourly,4,2026-06-16 04:00:00+00:00,12,24,0,0,0
hourly,5,2026-06-16 05:00:00+00:00,1,24,0,0,0
hourly,5,2026-06-16 05:00:00+00:00,3,24,0,0,0
hourly,5,2026-06-16 05:00:00+00:00,6,24,0,0,0
hourly,5,2026-06-16 05:00:00+00:00,12,24,0,0,0
hourly,6,2026-06-16 06:00:00+00:00,1,24,0,0,0
hourly,6,2026-06-16 06:00:00+00:00,3,24,0,0,0
hourly,6,2026-06-16 06:00:00+00:00,6,24,0,0,0
hourly,6,2026-06-16 06:00:00+00:00,12,24,0,0,0
hourly,7,2026-06-16 07:00:00+00:00,1,24,0,0,0
hourly,7,2026-06-16 07:00:00+00:00,3,24,0,0,0
hourly,7,2026-06-16 07:00:00+00:00,6,24,0,0,0
hourly,7,2026-06-16 07:00:00+00:00,12,24,0,0,0
hourly,8,2026-06-16 08:00:00+00:00,1,24,5,5,7
hourly,8,2026-06-16 08:00:00+00:00,3,24,5,5,7
hourly,8,2026-06-16 08:00:00+00:00,6,24,5,5,7
hourly,8,2026-06-16 08:00:00+00:00,12,24,5,5,7
hourly,9,2026-06-16 09:00:00+00:00,1,24,10,4,8
hourly,9,2026-06-16 09:00:00+00:00,3,24,10,10,18
hourly,9,2026-06-16 09:00:00+00:00,6,24,10,10,18
hourly,9,2026-06-16 09:00:00+00:00,12,24,10,10,18
hourly,10,2026-06-16 10:00:00+00:00,1,24,29,13,25
hourly,10,2026-06-16 10:00:00+00:00,3,24,29,29,45
hourly,10,2026-06-16 10:00:00+00:00,6,24,29,29,45
hourly,10,2026-06-16 10:00:00+00:00,12,24,29,29,45
hourly,11,2026-06-16 11:00:00+00:00,1,24,40,12,24
hourly,11,2026-06-16 11:00:00+00:00,3,24,40,32,47
hourly,11,2026-06-16 11:00:00+00:00,6,24,40,40,58
hourly,11,2026-06-16 11:00:00+00:00,12,24,40,40,58
hourly,12,2026-06-16 12:00:00+00:00,1,24,43,5,16
hourly,12,2026-06-16 12:00:00+00:00,3,24,43,25,41
hourly,12,2026-06-16 12:00:00+00:00,6,24,43,43,61
hourly,12,2026-06-16 12:00:00+00:00,12,24,43,43,61
hourly,13,2026-06-16 13:00:00+00:00,1,24,49,7,9
hourly,13,2026-06-16 13:00:00+00:00,3,24,49,22,32
hourly,13,2026-06-16 13:00:00+00:00,6,24,49,49,67
hourly,13,2026-06-16 13:00:00+00:00,12,24,49,49,67
hourly,14,2026-06-16 14:00:00+00:00,1,24,49,1,2
hourly,14,2026-06-16 14:00:00+00:00,3,24,49,14,23
hourly,14,2026-06-16 14:00:00+00:00,6,24,49,41,58
hourly,14,2026-06-16 14:00:00+00:00,12,24,49,49,68
hourly,15,2026-06-16 15:00:00+00:00,1,24,50,1,2
hourly,15,2026-06-16 15:00:00+00:00,3,24,50,9,10
hourly,15,2026-06-16 15:00:00+00:00,6,24,50,34,49
hourly,15,2026-06-16 15:00:00+00:00,12,24,50,50,68
hourly,16,2026-06-16 16:00:00+00:00,1,24,50,0,0
hourly,16,2026-06-16 16:00:00+00:00,3,24,50,2,3
hourly,16,2026-06-16 16:00:00+00:00,6,24,50,24,34
hourly,16,2026-06-16 16:00:00+00:00,12,24,50,50,68
hourly,17,2026-06-16 17:00:00+00:00,1,24,50,0,0
hourly,17,2026-06-16 17:00:00+00:00,3,24,50,1,2
hourly,17,2026-06-16 17:00:00+00:00,6,24,50,15,23
hourly,17,2026-06-16 17:00:00+00:00,12,24,50,50,68
hourly,18,2026-06-16 18:00:00+00:00,1,24,51,0,0
hourly,18,2026-06-16 18:00:00+00:00,3,24,51,0,0
hourly,18,2026-06-16 18:00:00+00:00,6,24,51,10,12
hourly,18,2026-06-16 18:00:00+00:00,12,24,51,51,70
hourly,19,2026-06-16 19:00:00+00:00,1,24,71,23,70
hourly,19,2026-06-16 19:00:00+00:00,3,24,71,23,70
hourly,19,2026-06-16 19:00:00+00:00,6,24,71,25,75
hourly,19,2026-06-16 19:00:00+00:00,12,24,71,71,141
hourly,20,2026-06-16 20:00:00+00:00,1,24,122,68,267
hourly,20,2026-06-16 20:00:00+00:00,3,24,122,85,322
hourly,20,2026-06-16 20:00:00+00:00,6,24,122,86,323
hourly,20,2026-06-16 20:00:00+00:00,12,24,122,115,376
hourly,21,2026-06-16 21:00:00+00:00,1,24,160,49,159
hourly,21,2026-06-16 21:00:00+00:00,3,24,160,126,428
hourly,21,2026-06-16 21:00:00+00:00,6,24,160,126,428
hourly,21,2026-06-16 21:00:00+00:00,12,24,160,146,467
hourly,22,2026-06-16 22:00:00+00:00,1,24,213,56,142
hourly,22,2026-06-16 22:00:00+00:00,3,24,213,159,453
hourly,22,2026-06-16 22:00:00+00:00,6,24,213,180,508
hourly,22,2026-06-16 22:00:00+00:00,12,24,213,193,531
hourly,23,2026-06-16 23:00:00+00:00,1,24,237,33,89
hourly,23,2026-06-16 23:00:00+00:00,3,24,237,131,301
hourly,23,2026-06-16 23:00:00+00:00,6,24,237,205,538
hourly,23,2026-06-16 23:00:00+00:00,12,24,237,215,552
hourly,24,2026-06-17 00:00:00+00:00,1,24,248,16,39
hourly,24,2026-06-17 00:00:00+00:00,3,24,248,96,210
hourly,24,2026-06-17 00:00:00+00:00,6,24,248,216,548
hourly,24,2026-06-17 00:00:00+00:00,12,24,248,222,554
hourly,25,2026-06-17 01:00:00+00:00,1,24,266,16,43
hourly,25,2026-06-17 01:00:00+00:00,3,24,266,58,134
hourly,25,2026-06-17 01:00:00+00:00,6,24,266,214,516
hourly,25,2026-06-17 01:00:00+00:00,12,24,266,235,572
hourly,26,2026-06-17 02:00:00+00:00,1,24,285,25,83
hourly,26,2026-06-17 02:00:00+00:00,3,24,285,50,134
hourly,26,2026-06-17 02:00:00+00:00,6,24,285,180,383
hourly,26,2026-06-17 02:00:00+00:00,12,24,285,257,617
hourly,27,2026-06-17 03:00:00+00:00,1,24,313,30,74
hourly,27,2026-06-17 03:00:00+00:00,3,24,313,65,169
hourly,27,2026-06-17 03:00:00+00:00,6,24,313,161,334
hourly,27,2026-06-17 03:00:00+00:00,12,24,313,286,656
hourly,28,2026-06-17 04:00:00+00:00,1,24,330,23,44
hourly,28,2026-06-17 04:00:00+00:00,3,24,330,71,176
hourly,28,2026-06-17 04:00:00+00:00,6,24,330,123,276
hourly,28,2026-06-17 04:00:00+00:00,12,24,330,302,678
hourly,29,2026-06-17 05:00:00+00:00,1,24,338,5,12
hourly,29,2026-06-17 05:00:00+00:00,3,24,338,57,120
hourly,29,2026-06-17 05:00:00+00:00,6,24,338,104,230
hourly,29,2026-06-17 05:00:00+00:00,12,24,338,310,685
hourly,30,2026-06-17 06:00:00+00:00,1,24,343,3,10
hourly,30,2026-06-17 06:00:00+00:00,3,24,343,37,75
hourly,30,2026-06-17 06:00:00+00:00,6,24,343,98,217
hourly,30,2026-06-17 06:00:00+00:00,12,24,343,315,691
hourly,31,2026-06-17 07:00:00+00:00,1,24,350,11,24
hourly,31,2026-06-17 07:00:00+00:00,3,24,350,24,51
hourly,31,2026-06-17 07:00:00+00:00,6,24,350,92,209
hourly,31,2026-06-17 07:00:00+00:00,12,24,350,299,650
hourly,32,2026-06-17 08:00:00+00:00,1,24,358,15,31
hourly,32,2026-06-17 08:00:00+00:00,3,24,358,33,63
hourly,32,2026-06-17 08:00:00+00:00,6,24,358,81,167
hourly,32,2026-06-17 08:00:00+00:00,12,24,358,259,500
hourly,33,2026-06-17 09:00:00+00:00,1,24,359,6,17
hourly,33,2026-06-17 09:00:00+00:00,3,24,359,33,66
hourly,33,2026-06-17 09:00:00+00:00,6,24,359,62,127
hourly,33,2026-06-17 09:00:00+00:00,12,24,359,217,424
hourly,34,2026-06-17 10:00:00+00:00,1,24,357,5,16
hourly,34,2026-06-17 10:00:00+00:00,3,24,357,28,65
hourly,34,2026-06-17 10:00:00+00:00,6,24,357,49,105
hourly,34,2026-06-17 10:00:00+00:00,12,24,357,168,350
hourly,35,2026-06-17 11:00:00+00:00,1,24,354,2,8
hourly,35,2026-06-17 11:00:00+00:00,3,24,354,13,38
hourly,35,2026-06-17 11:00:00+00:00,6,24,354,45,95
hourly,35,2026-06-17 11:00:00+00:00,12,24,354,139,299
hourly,36,2026-06-17 12:00:00+00:00,1,24,350,3,5
hourly,36,2026-06-17 12:00:00+00:00,3,24,350,8,24
hourly,36,2026-06-17 12:00:00+00:00,6,24,350,41,86
hourly,36,2026-06-17 12:00:00+00:00,12,24,350,129,282
hourly,37,2026-06-17 13:00:00+00:00,1,24,346,1,5
hourly,37,2026-06-17 13:00:00+00:00,3,24,346,5,16
hourly,37,2026-06-17 13:00:00+00:00,6,24,346,31,77
hourly,37,2026-06-17 13:00:00+00:00,12,24,346,117,264
hourly,38,2026-06-17 14:00:00+00:00,1,24,346,3,6
hourly,38,2026-06-17 14:00:00+00:00,3,24,346,5,11
hourly,38,2026-06-17 14:00:00+00:00,6,24,346,17,50
hourly,38,2026-06-17 14:00:00+00:00,12,24,346,95,204
hourly,39,2026-06-17 15:00:00+00:00,1,24,346,0,0
hourly,39,2026-06-17 15:00:00+00:00,3,24,346,3,10
hourly,39,2026-06-17 15:00:00+00:00,6,24,346,10,31
hourly,39,2026-06-17 15:00:00+00:00,12,24,346,73,154
hourly,40,2026-06-17 16:00:00+00:00,1,24,347,2,6
hourly,40,2026-06-17 16:00:00+00:00,3,24,347,4,11
hourly,40,2026-06-17 16:00:00+00:00,6,24,347,7,22
hourly,40,2026-06-17 16:00:00+00:00,12,24,347,53,120
hourly,41,2026-06-17 17:00:00+00:00,1,24,358,12,36
hourly,41,2026-06-17 17:00:00+00:00,3,24,358,17,45
hourly,41,2026-06-17 17:00:00+00:00,6,24,358,20,50
hourly,41,2026-06-17 17:00:00+00:00,12,24,358,64,141
hourly,42,2026-06-17 18:00:00+00:00,1,24,363,6,18
hourly,42,2026-06-17 18:00:00+00:00,3,24,363,21,62
hourly,42,2026-06-17 18:00:00+00:00,6,24,363,24,68
hourly,42,2026-06-17 18:00:00+00:00,12,24,363,65,146
hourly,43,2026-06-17 19:00:00+00:00,1,24,346,3,12
hourly,43,2026-06-17 19:00:00+00:00,3,24,346,20,65
hourly,43,2026-06-17 19:00:00+00:00,6,24,346,26,75
hourly,43,2026-06-17 19:00:00+00:00,12,24,346,55,139
hourly,44,2026-06-17 20:00:00+00:00,1,24,300,4,11
hourly,44,2026-06-17 20:00:00+00:00,3,24,300,14,37
hourly,44,2026-06-17 20:00:00+00:00,6,24,300,31,80
hourly,44,2026-06-17 20:00:00+00:00,12,24,300,45,120
hourly,45,2026-06-17 21:00:00+00:00,1,24,255,3,4
hourly,45,2026-06-17 21:00:00+00:00,3,24,255,12,27
hourly,45,2026-06-17 21:00:00+00:00,6,24,255,33,84
hourly,45,2026-06-17 21:00:00+00:00,12,24,255,40,108
hourly,46,2026-06-17 22:00:00+00:00,1,24,204,6,7
hourly,46,2026-06-17 22:00:00+00:00,3,24,204,11,25
hourly,46,2026-06-17 22:00:00+00:00,6,24,204,32,85
hourly,46,2026-06-17 22:00:00+00:00,12,24,204,40,105
hourly,47,2026-06-17 23:00:00+00:00,1,24,176,3,6
hourly,47,2026-06-17 23:00:00+00:00,3,24,176,8,15
hourly,47,2026-06-17 23:00:00+00:00,6,24,176,21,52
hourly,47,2026-06-17 23:00:00+00:00,12,24,176,39,98
hourly,48,2026-06-18 00:00:00+00:00,1,24,166,1,3
hourly,48,2026-06-18 00:00:00+00:00,3,24,166,8,15
hourly,48,2026-06-18 00:00:00+00:00,6,24,166,16,39
hourly,48,2026-06-18 00:00:00+00:00,12,24,166,38,100
hourly,49,2026-06-18 01:00:00+00:00,1,24,154,2,5
hourly,49,2026-06-18 01:00:00+00:00,3,24,154,5,12
hourly,49,2026-06-18 01:00:00+00:00,6,24,154,13,32
hourly,49,2026-06-18 01:00:00+00:00,12,24,154,39,102
hourly,50,2026-06-18 02:00:00+00:00,1,24,132,1,4
hourly,50,2026-06-18 02:00:00+00:00,3,24,132,5,14
hourly,50,2026-06-18 02:00:00+00:00,6,24,132,11,27
hourly,50,2026-06-18 02:00:00+00:00,12,24,132,40,103
hourly,51,2026-06-18 03:00:00+00:00,1,24,108,0,0
hourly,51,2026-06-18 03:00:00+00:00,3,24,108,4,10
hourly,51,2026-06-18 03:00:00+00:00,6,24,108,10,24
hourly,51,2026-06-18 03:00:00+00:00,12,24,108,40,103
hourly,52,2026-06-18 04:00:00+00:00,1,24,88,0,0
hourly,52,2026-06-18 04:00:00+00:00,3,24,88,2,5
hourly,52,2026-06-18 04:00:00+00:00,6,24,88,6,17
hourly,52,2026-06-18 04:00:00+00:00,12,24,88,36,97
hourly,53,2026-06-18 05:00:00+00:00,1,24,84,2,3
hourly,53,2026-06-18 05:00:00+00:00,3,24,84,3,5
hourly,53,2026-06-18 05:00:00+00:00,6,24,84,5,16
hourly,53,2026-06-18 05:00:00+00:00,12,24,84,23,62
hourly,54,2026-06-18 06:00:00+00:00,1,24,80,0,0
hourly,54,2026-06-18 06:00:00+00:00,3,24,80,2,3
hourly,54,2026-06-18 06:00:00+00:00,6,24,80,5,14
hourly,54,2026-06-18 06:00:00+00:00,12,24,80,18,50
hourly,55,2026-06-18 07:00:00+00:00,1,24,70,2,4
hourly,55,2026-06-18 07:00:00+00:00,3,24,70,4,7
hourly,55,2026-06-18 07:00:00+00:00,6,24,70,6,12
hourly,55,2026-06-18 07:00:00+00:00,12,24,70,17,42
hourly,56,2026-06-18 08:00:00+00:00,1,24,56,1,2
hourly,56,2026-06-18 08:00:00+00:00,3,24,56,2,6
hourly,56,2026-06-18 08:00:00+00:00,6,24,56,5,10
hourly,56,2026-06-18 08:00:00+00:00,12,24,56,14,33
hourly,57,2026-06-18 09:00:00+00:00,1,24,49,0,0
hourly,57,2026-06-18 09:00:00+00:00,3,24,49,3,8
hourly,57,2026-06-18 09:00:00+00:00,6,24,49,5,10
hourly,57,2026-06-18 09:00:00+00:00,12,24,49,14,32
hourly,58,2026-06-18 10:00:00+00:00,1,24,48,0,0
hourly,58,2026-06-18 10:00:00+00:00,3,24,48,3,6
hourly,58,2026-06-18 10:00:00+00:00,6,24,48,6,11
hourly,58,2026-06-18 10:00:00+00:00,12,24,48,11,28
hourly,59,2026-06-18 11:00:00+00:00,1,24,47,1,2
hourly,59,2026-06-18 11:00:00+00:00,3,24,47,1,4
hourly,59,2026-06-18 11:00:00+00:00,6,24,47,4,12
hourly,59,2026-06-18 11:00:00+00:00,12,24,47,10,27
hourly,60,2026-06-18 12:00:00+00:00,1,24,46,0,0
hourly,60,2026-06-18 12:00:00+00:00,3,24,46,1,4
hourly,60,2026-06-18 12:00:00+00:00,6,24,46,4,13
hourly,60,2026-06-18 12:00:00+00:00,12,24,46,10,25
hourly,61,2026-06-18 13:00:00+00:00,1,24,46,0,0
hourly,61,2026-06-18 13:00:00+00:00,3,24,46,1,3
hourly,61,2026-06-18 13:00:00+00:00,6,24,46,3,9
hourly,61,2026-06-18 13:00:00+00:00,12,24,46,9,20
hourly,62,2026-06-18 14:00:00+00:00,1,24,46,0,0
hourly,62,2026-06-18 14:00:00+00:00,3,24,46,1,2
hourly,62,2026-06-18 14:00:00+00:00,6,24,46,1,5
hourly,62,2026-06-18 14:00:00+00:00,12,24,46,7,15
hourly,63,2026-06-18 15:00:00+00:00,1,24,47,2,5
hourly,63,2026-06-18 15:00:00+00:00,3,24,47,2,6
hourly,63,2026-06-18 15:00:00+00:00,6,24,47,2,8
hourly,63,2026-06-18 15:00:00+00:00,12,24,47,9,20
hourly,64,2026-06-18 16:00:00+00:00,1,24,54,9,26
hourly,64,2026-06-18 16:00:00+00:00,3,24,54,14,36
hourly,64,2026-06-18 16:00:00+00:00,6,24,54,14,38
hourly,64,2026-06-18 16:00:00+00:00,12,24,54,20,49
hourly,65,2026-06-18 17:00:00+00:00,1,24,64,26,56
hourly,65,2026-06-18 17:00:00+00:00,3,24,64,37,88
hourly,65,2026-06-18 17:00:00+00:00,6,24,64,37,89
hourly,65,2026-06-18 17:00:00+00:00,12,24,64,40,100
hourly,66,2026-06-18 18:00:00+00:00,1,24,97,50,113
hourly,66,2026-06-18 18:00:00+00:00,3,24,97,70,178
hourly,66,2026-06-18 18:00:00+00:00,6,24,97,76,184
hourly,66,2026-06-18 18:00:00+00:00,12,24,97,79,194
hourly,67,2026-06-18 19:00:00+00:00,1,24,147,79,238
hourly,67,2026-06-18 19:00:00+00:00,3,24,147,117,345
hourly,67,2026-06-18 19:00:00+00:00,6,24,147,129,371
hourly,67,2026-06-18 19:00:00+00:00,12,24,147,131,377
hourly,68,2026-06-18 20:00:00+00:00,1,24,225,112,266
hourly,68,2026-06-18 20:00:00+00:00,3,24,225,188,511
hourly,68,2026-06-18 20:00:00+00:00,6,24,225,210,570
hourly,68,2026-06-18 20:00:00+00:00,12,24,225,210,574
hourly,69,2026-06-18 21:00:00+00:00,1,24,325,104,268
hourly,69,2026-06-18 21:00:00+00:00,3,24,325,265,613
hourly,69,2026-06-18 21:00:00+00:00,6,24,325,305,727
hourly,69,2026-06-18 21:00:00+00:00,12,24,325,310,736
hourly,70,2026-06-18 22:00:00+00:00,1,24,351,32,121
hourly,70,2026-06-18 22:00:00+00:00,3,24,351,239,501
hourly,70,2026-06-18 22:00:00+00:00,6,24,351,331,757
hourly,70,2026-06-18 22:00:00+00:00,12,24,351,342,786
hourly,71,2026-06-18 23:00:00+00:00,1,24,351,3,7
hourly,71,2026-06-18 23:00:00+00:00,3,24,351,137,335
hourly,71,2026-06-18 23:00:00+00:00,6,24,351,323,728
hourly,71,2026-06-18 23:00:00+00:00,12,24,351,343,787
hourly,72,2026-06-19 00:00:00+00:00,1,24,354,5,16
hourly,72,2026-06-19 00:00:00+00:00,3,24,354,38,131
hourly,72,2026-06-19 00:00:00+00:00,6,24,354,302,672
hourly,72,2026-06-19 00:00:00+00:00,12,24,354,346,790
hourly,73,2026-06-19 01:00:00+00:00,1,24,358,9,23
hourly,73,2026-06-19 01:00:00+00:00,3,24,358,13,37
hourly,73,2026-06-19 01:00:00+00:00,6,24,358,249,517
hourly,73,2026-06-19 01:00:00+00:00,12,24,358,350,798
hourly,74,2026-06-19 02:00:00+00:00,1,24,360,6,15
hourly,74,2026-06-19 02:00:00+00:00,3,24,360,15,45
hourly,74,2026-06-19 02:00:00+00:00,6,24,360,148,353
hourly,74,2026-06-19 02:00:00+00:00,12,24,360,354,801
hourly,75,2026-06-19 03:00:00+00:00,1,24,361,2,5
hourly,75,2026-06-19 03:00:00+00:00,3,24,361,14,40
hourly,75,2026-06-19 03:00:00+00:00,6,24,361,48,153
hourly,75,2026-06-19 03:00:00+00:00,12,24,361,352,798
hourly,76,2026-06-19 04:00:00+00:00,1,24,366,7,14
hourly,76,2026-06-19 04:00:00+00:00,3,24,366,13,32
hourly,76,2026-06-19 04:00:00+00:00,6,24,366,24,57
hourly,76,2026-06-19 04:00:00+00:00,12,24,366,350,786
hourly,77,2026-06-19 05:00:00+00:00,1,24,364,2,3
hourly,77,2026-06-19 05:00:00+00:00,3,24,364,10,20
hourly,77,2026-06-19 05:00:00+00:00,6,24,364,24,57
hourly,77,2026-06-19 05:00:00+00:00,12,24,364,341,755
hourly,78,2026-06-19 06:00:00+00:00,1,24,366,2,5
hourly,78,2026-06-19 06:00:00+00:00,3,24,366,11,19
hourly,78,2026-06-19 06:00:00+00:00,6,24,366,24,54
hourly,78,2026-06-19 06:00:00+00:00,12,24,366,319,697
hourly,79,2026-06-19 07:00:00+00:00,1,24,366,0,0
hourly,79,2026-06-19 07:00:00+00:00,3,24,366,5,11
hourly,79,2026-06-19 07:00:00+00:00,6,24,366,18,37
hourly,79,2026-06-19 07:00:00+00:00,12,24,366,263,536
hourly,80,2026-06-19 08:00:00+00:00,1,24,364,2,5
hourly,80,2026-06-19 08:00:00+00:00,3,24,364,3,9
hourly,80,2026-06-19 08:00:00+00:00,6,24,364,13,24
hourly,80,2026-06-19 08:00:00+00:00,12,24,364,159,368
hourly,81,2026-06-19 09:00:00+00:00,1,24,366,2,5
hourly,81,2026-06-19 09:00:00+00:00,3,24,366,3,11
hourly,81,2026-06-19 09:00:00+00:00,6,24,366,14,26
hourly,81,2026-06-19 09:00:00+00:00,12,24,366,61,171
hourly,82,2026-06-19 10:00:00+00:00,1,24,368,2,5
hourly,82,2026-06-19 10:00:00+00:00,3,24,368,4,15
hourly,82,2026-06-19 10:00:00+00:00,6,24,368,8,22
hourly,82,2026-06-19 10:00:00+00:00,12,24,368,32,69
hourly,83,2026-06-19 11:00:00+00:00,1,24,369,1,6
hourly,83,2026-06-19 11:00:00+00:00,3,24,369,6,16
hourly,83,2026-06-19 11:00:00+00:00,6,24,369,7,23
hourly,83,2026-06-19 11:00:00+00:00,12,24,369,32,70
hourly,84,2026-06-19 12:00:00+00:00,1,24,370,0,0
hourly,84,2026-06-19 12:00:00+00:00,3,24,370,6,12
hourly,84,2026-06-19 12:00:00+00:00,6,24,370,8,20
hourly,84,2026-06-19 12:00:00+00:00,12,24,370,31,66
hourly,85,2026-06-19 13:00:00+00:00,1,24,379,9,23
hourly,85,2026-06-19 13:00:00+00:00,3,24,379,12,30
hourly,85,2026-06-19 13:00:00+00:00,6,24,379,17,36
hourly,85,2026-06-19 13:00:00+00:00,12,24,379,33,63
hourly,86,2026-06-19 14:00:00+00:00,1,24,376,2,4
hourly,86,2026-06-19 14:00:00+00:00,3,24,376,10,18
hourly,86,2026-06-19 14:00:00+00:00,6,24,376,17,26
hourly,86,2026-06-19 14:00:00+00:00,12,24,376,29,42
frozen,0,2026-06-19 14:05:02+00:00,1,24,376,3,5
frozen,0,2026-06-19 14:05:02+00:00,3,24,376,11,19
frozen,0,2026-06-19 14:05:02+00:00,6,24,376,18,27
frozen,0,2026-06-19 14:05:02+00:00,12,24,376,30,43
hourly,87,2026-06-19 15:00:00+00:00,1,24,377,3,8
hourly,87,2026-06-19 15:00:00+00:00,3,24,377,12,24
hourly,87,2026-06-19 15:00:00+00:00,6,24,377,18,31
hourly,87,2026-06-19 15:00:00+00:00,12,24,377,33,50
hourly,88,2026-06-19 16:00:00+00:00,1,24,359,0,0
hourly,88,2026-06-19 16:00:00+00:00,3,24,359,2,3
hourly,88,2026-06-19 16:00:00+00:00,6,24,359,13,22
hourly,88,2026-06-19 16:00:00+00:00,12,24,359,22,33
hourly,89,2026-06-19 17:00:00+00:00,1,24,341,1,2
hourly,89,2026-06-19 17:00:00+00:00,3,24,341,1,3
hourly,89,2026-06-19 17:00:00+00:00,6,24,341,13,22
hourly,89,2026-06-19 17:00:00+00:00,12,24,341,19,31
hourly,90,2026-06-19 18:00:00+00:00,1,24,318,0,0
hourly,90,2026-06-19 18:00:00+00:00,3,24,318,1,3
hourly,90,2026-06-19 18:00:00+00:00,6,24,318,10,19
hourly,90,2026-06-19 18:00:00+00:00,12,24,318,18,28
hourly,91,2026-06-19 19:00:00+00:00,1,24,264,1,4
hourly,91,2026-06-19 19:00:00+00:00,3,24,264,3,7
hourly,91,2026-06-19 19:00:00+00:00,6,24,264,5,11
hourly,91,2026-06-19 19:00:00+00:00,12,24,264,20,33
hourly,92,2026-06-19 20:00:00+00:00,1,24,168,4,7
hourly,92,2026-06-19 20:00:00+00:00,3,24,168,6,10
hourly,92,2026-06-19 20:00:00+00:00,6,24,168,8,14
hourly,92,2026-06-19 20:00:00+00:00,12,24,168,25,40
hourly,93,2026-06-19 21:00:00+00:00,1,24,81,8,10
hourly,93,2026-06-19 21:00:00+00:00,3,24,81,13,21
hourly,93,2026-06-19 21:00:00+00:00,6,24,81,15,25
hourly,93,2026-06-19 21:00:00+00:00,12,24,81,30,49
hourly,94,2026-06-19 22:00:00+00:00,1,24,54,4,7
hourly,94,2026-06-19 22:00:00+00:00,3,24,54,13,20
hourly,94,2026-06-19 22:00:00+00:00,6,24,54,17,28
hourly,94,2026-06-19 22:00:00+00:00,12,24,54,31,52
hourly,95,2026-06-19 23:00:00+00:00,1,24,51,0,0
hourly,95,2026-06-19 23:00:00+00:00,3,24,51,8,12
hourly,95,2026-06-19 23:00:00+00:00,6,24,51,13,23
hourly,95,2026-06-19 23:00:00+00:00,12,24,51,27,47
hourly,96,2026-06-20 00:00:00+00:00,1,24,36,1,3
hourly,96,2026-06-20 00:00:00+00:00,3,24,36,2,5
hourly,96,2026-06-20 00:00:00+00:00,6,24,36,3,7
hourly,96,2026-06-20 00:00:00+00:00,12,24,36,11,21
hourly,97,2026-06-20 01:00:00+00:00,1,24,33,3,10
hourly,97,2026-06-20 01:00:00+00:00,3,24,33,3,10
hourly,97,2026-06-20 01:00:00+00:00,6,24,33,4,12
hourly,97,2026-06-20 01:00:00+00:00,12,24,33,7,17
hourly,98,2026-06-20 02:00:00+00:00,1,24,44,14,36
hourly,98,2026-06-20 02:00:00+00:00,3,24,44,17,43
hourly,98,2026-06-20 02:00:00+00:00,6,24,44,18,45
hourly,98,2026-06-20 02:00:00+00:00,12,24,44,19,47
hourly,99,2026-06-20 03:00:00+00:00,1,24,50,11,36
hourly,99,2026-06-20 03:00:00+00:00,3,24,50,24,67
hourly,99,2026-06-20 03:00:00+00:00,6,24,50,25,69
hourly,99,2026-06-20 03:00:00+00:00,12,24,50,26,71
hourly,100,2026-06-20 04:00:00+00:00,1,24,49,9,26
hourly,100,2026-06-20 04:00:00+00:00,3,24,49,28,76
hourly,100,2026-06-20 04:00:00+00:00,6,24,49,31,82
hourly,100,2026-06-20 04:00:00+00:00,12,24,49,33,86
hourly,101,2026-06-20 05:00:00+00:00,1,24,50,1,6
hourly,101,2026-06-20 05:00:00+00:00,3,24,50,21,61
hourly,101,2026-06-20 05:00:00+00:00,6,24,50,33,87
hourly,101,2026-06-20 05:00:00+00:00,12,24,50,35,91
hourly,102,2026-06-20 06:00:00+00:00,1,24,54,5,24
hourly,102,2026-06-20 06:00:00+00:00,3,24,54,15,48
hourly,102,2026-06-20 06:00:00+00:00,6,24,54,37,99
hourly,102,2026-06-20 06:00:00+00:00,12,24,54,39,103
hourly,103,2026-06-20 07:00:00+00:00,1,24,62,8,21
hourly,103,2026-06-20 07:00:00+00:00,3,24,62,15,44
hourly,103,2026-06-20 07:00:00+00:00,6,24,62,42,104
hourly,103,2026-06-20 07:00:00+00:00,12,24,62,46,112
hourly,104,2026-06-20 08:00:00+00:00,1,24,62,0,0
hourly,104,2026-06-20 08:00:00+00:00,3,24,62,14,39
hourly,104,2026-06-20 08:00:00+00:00,6,24,62,34,87
hourly,104,2026-06-20 08:00:00+00:00,12,24,62,46,112
hourly,105,2026-06-20 09:00:00+00:00,1,24,62,2,6
hourly,105,2026-06-20 09:00:00+00:00,3,24,62,11,24
hourly,105,2026-06-20 09:00:00+00:00,6,24,62,27,66
hourly,105,2026-06-20 09:00:00+00:00,12,24,62,48,114
hourly,106,2026-06-20 10:00:00+00:00,1,24,69,4,12
hourly,106,2026-06-20 10:00:00+00:00,3,24,69,9,21
hourly,106,2026-06-20 10:00:00+00:00,6,24,69,25,61
hourly,106,2026-06-20 10:00:00+00:00,12,24,69,55,122
hourly,107,2026-06-20 11:00:00+00:00,1,24,73,6,15
hourly,107,2026-06-20 11:00:00+00:00,3,24,73,16,37
hourly,107,2026-06-20 11:00:00+00:00,6,24,73,31,69
hourly,107,2026-06-20 11:00:00+00:00,12,24,73,61,136
hourly,108,2026-06-20 12:00:00+00:00,1,24,75,5,7
hourly,108,2026-06-20 12:00:00+00:00,3,24,75,17,31
hourly,108,2026-06-20 12:00:00+00:00,6,24,75,31,60
hourly,108,2026-06-20 12:00:00+00:00,12,24,75,65,141
hourly,109,2026-06-20 13:00:00+00:00,1,24,69,3,8
hourly,109,2026-06-20 13:00:00+00:00,3,24,69,13,25
hourly,109,2026-06-20 13:00:00+00:00,6,24,69,21,44
hourly,109,2026-06-20 13:00:00+00:00,12,24,69,62,135
hourly,110,2026-06-20 14:00:00+00:00,1,24,70,3,6
hourly,110,2026-06-20 14:00:00+00:00,3,24,70,9,16
hourly,110,2026-06-20 14:00:00+00:00,6,24,70,23,46
hourly,110,2026-06-20 14:00:00+00:00,12,24,70,57,122
hourly,111,2026-06-20 15:00:00+00:00,1,24,72,1,3
hourly,111,2026-06-20 15:00:00+00:00,3,24,72,8,16
hourly,111,2026-06-20 15:00:00+00:00,6,24,72,23,41
hourly,111,2026-06-20 15:00:00+00:00,12,24,72,51,104
hourly,112,2026-06-20 16:00:00+00:00,1,24,72,0,0
hourly,112,2026-06-20 16:00:00+00:00,3,24,72,5,10
hourly,112,2026-06-20 16:00:00+00:00,6,24,72,18,31
hourly,112,2026-06-20 16:00:00+00:00,12,24,72,42,84
hourly,113,2026-06-20 17:00:00+00:00,1,24,73,0,0
hourly,113,2026-06-20 17:00:00+00:00,3,24,73,2,5
hourly,113,2026-06-20 17:00:00+00:00,6,24,73,12,20
hourly,113,2026-06-20 17:00:00+00:00,12,24,73,43,81
hourly,114,2026-06-20 18:00:00+00:00,1,24,75,3,8
hourly,114,2026-06-20 18:00:00+00:00,3,24,75,3,9
hourly,114,2026-06-20 18:00:00+00:00,6,24,75,10,23
hourly,114,2026-06-20 18:00:00+00:00,12,24,75,40,78
hourly,115,2026-06-20 19:00:00+00:00,1,24,75,1,2
hourly,115,2026-06-20 19:00:00+00:00,3,24,75,4,10
hourly,115,2026-06-20 19:00:00+00:00,6,24,75,8,19
hourly,115,2026-06-20 19:00:00+00:00,12,24,75,29,59
hourly,116,2026-06-20 20:00:00+00:00,1,24,73,1,3
hourly,116,2026-06-20 20:00:00+00:00,3,24,73,5,13
hourly,116,2026-06-20 20:00:00+00:00,6,24,73,6,18
hourly,116,2026-06-20 20:00:00+00:00,12,24,73,28,62
hourly,117,2026-06-20 21:00:00+00:00,1,24,73,0,0
hourly,117,2026-06-20 21:00:00+00:00,3,24,73,2,6
hourly,117,2026-06-20 21:00:00+00:00,6,24,73,5,15
hourly,117,2026-06-20 21:00:00+00:00,12,24,73,25,54
hourly,118,2026-06-20 22:00:00+00:00,1,24,76,3,6
hourly,118,2026-06-20 22:00:00+00:00,3,24,76,4,11
hourly,118,2026-06-20 22:00:00+00:00,6,24,76,8,22
hourly,118,2026-06-20 22:00:00+00:00,12,24,76,24,51
hourly,119,2026-06-20 23:00:00+00:00,1,24,76,0,0
hourly,119,2026-06-20 23:00:00+00:00,3,24,76,4,8
hourly,119,2026-06-20 23:00:00+00:00,6,24,76,8,21
hourly,119,2026-06-20 23:00:00+00:00,12,24,76,19,41
hourly,120,2026-06-21 00:00:00+00:00,1,24,76,1,2
hourly,120,2026-06-21 00:00:00+00:00,3,24,76,4,8
hourly,120,2026-06-21 00:00:00+00:00,6,24,76,6,16
hourly,120,2026-06-21 00:00:00+00:00,12,24,76,16,38
hourly,121,2026-06-21 01:00:00+00:00,1,24,73,0,0
hourly,121,2026-06-21 01:00:00+00:00,3,24,73,1,2
hourly,121,2026-06-21 01:00:00+00:00,6,24,73,5,13
hourly,121,2026-06-21 01:00:00+00:00,12,24,73,12,32
hourly,122,2026-06-21 02:00:00+00:00,1,24,66,1,2
hourly,122,2026-06-21 02:00:00+00:00,3,24,66,2,4
hourly,122,2026-06-21 02:00:00+00:00,6,24,66,6,12
hourly,122,2026-06-21 02:00:00+00:00,12,24,66,10,29
hourly,123,2026-06-21 03:00:00+00:00,1,24,62,3,7
hourly,123,2026-06-21 03:00:00+00:00,3,24,62,3,7
hourly,123,2026-06-21 03:00:00+00:00,6,24,62,7,15
hourly,123,2026-06-21 03:00:00+00:00,12,24,62,12,32
hourly,124,2026-06-21 04:00:00+00:00,1,24,58,6,21
hourly,124,2026-06-21 04:00:00+00:00,3,24,58,8,26
hourly,124,2026-06-21 04:00:00+00:00,6,24,58,9,28
hourly,124,2026-06-21 04:00:00+00:00,12,24,58,17,51
hourly,125,2026-06-21 05:00:00+00:00,1,24,58,0,0
hourly,125,2026-06-21 05:00:00+00:00,3,24,58,8,26
hourly,125,2026-06-21 05:00:00+00:00,6,24,58,9,28
hourly,125,2026-06-21 05:00:00+00:00,12,24,58,17,50
hourly,126,2026-06-21 06:00:00+00:00,1,24,53,2,6
hourly,126,2026-06-21 06:00:00+00:00,3,24,53,6,24
hourly,126,2026-06-21 06:00:00+00:00,6,24,53,8,29
hourly,126,2026-06-21 06:00:00+00:00,12,24,53,15,47
hourly,127,2026-06-21 07:00:00+00:00,1,24,44,6,16
hourly,127,2026-06-21 07:00:00+00:00,3,24,44,8,19
hourly,127,2026-06-21 07:00:00+00:00,6,24,44,12,35
hourly,127,2026-06-21 07:00:00+00:00,12,24,44,18,50
hourly,128,2026-06-21 08:00:00+00:00,1,24,45,3,13
hourly,128,2026-06-21 08:00:00+00:00,3,24,45,9,26
hourly,128,2026-06-21 08:00:00+00:00,6,24,45,13,42
hourly,128,2026-06-21 08:00:00+00:00,12,24,45,19,54
hourly,129,2026-06-21 09:00:00+00:00,1,24,51,10,29
hourly,129,2026-06-21 09:00:00+00:00,3,24,51,18,43
hourly,129,2026-06-21 09:00:00+00:00,6,24,51,21,57
hourly,129,2026-06-21 09:00:00+00:00,12,24,51,26,69
hourly,130,2026-06-21 10:00:00+00:00,1,24,49,4,14
hourly,130,2026-06-21 10:00:00+00:00,3,24,49,16,43
hourly,130,2026-06-21 10:00:00+00:00,6,24,49,22,51
hourly,130,2026-06-21 10:00:00+00:00,12,24,49,25,69
hourly,131,2026-06-21 11:00:00+00:00,1,24,48,6,15
hourly,131,2026-06-21 11:00:00+00:00,3,24,48,17,48
hourly,131,2026-06-21 11:00:00+00:00,6,24,48,26,63
hourly,131,2026-06-21 11:00:00+00:00,12,24,48,29,80
hourly,132,2026-06-21 12:00:00+00:00,1,24,47,4,9
hourly,132,2026-06-21 12:00:00+00:00,3,24,47,14,31
hourly,132,2026-06-21 12:00:00+00:00,6,24,47,27,62
hourly,132,2026-06-21 12:00:00+00:00,12,24,47,31,79
hourly,133,2026-06-21 13:00:00+00:00,1,24,44,5,7
hourly,133,2026-06-21 13:00:00+00:00,3,24,44,13,27
hourly,133,2026-06-21 13:00:00+00:00,6,24,44,24,53
hourly,133,2026-06-21 13:00:00+00:00,12,24,44,33,82
hourly,134,2026-06-21 14:00:00+00:00,1,24,46,8,16
hourly,134,2026-06-21 14:00:00+00:00,3,24,46,14,28
hourly,134,2026-06-21 14:00:00+00:00,6,24,46,26,60
hourly,134,2026-06-21 14:00:00+00:00,12,24,46,37,92
hourly,135,2026-06-21 15:00:00+00:00,1,24,46,3,10
hourly,135,2026-06-21 15:00:00+00:00,3,24,46,13,29
hourly,135,2026-06-21 15:00:00+00:00,6,24,46,22,55
hourly,135,2026-06-21 15:00:00+00:00,12,24,46,37,94
hourly,136,2026-06-21 16:00:00+00:00,1,24,48,2,6
hourly,136,2026-06-21 16:00:00+00:00,3,24,48,13,28
hourly,136,2026-06-21 16:00:00+00:00,6,24,48,22,50
hourly,136,2026-06-21 16:00:00+00:00,12,24,48,38,86
hourly,137,2026-06-21 17:00:00+00:00,1,24,49,0,0
hourly,137,2026-06-21 17:00:00+00:00,3,24,49,7,18
hourly,137,2026-06-21 17:00:00+00:00,6,24,49,18,43
hourly,137,2026-06-21 17:00:00+00:00,12,24,49,38,89
hourly,138,2026-06-21 18:00:00+00:00,1,24,50,5,13
hourly,138,2026-06-21 18:00:00+00:00,3,24,50,9,22
hourly,138,2026-06-21 18:00:00+00:00,6,24,50,18,44
hourly,138,2026-06-21 18:00:00+00:00,12,24,50,40,97
hourly,139,2026-06-21 19:00:00+00:00,1,24,53,7,15
hourly,139,2026-06-21 19:00:00+00:00,3,24,53,11,27
hourly,139,2026-06-21 19:00:00+00:00,6,24,53,21,54
hourly,139,2026-06-21 19:00:00+00:00,12,24,53,39,97
hourly,140,2026-06-21 20:00:00+00:00,1,24,59,10,21
hourly,140,2026-06-21 20:00:00+00:00,3,24,59,17,39
hourly,140,2026-06-21 20:00:00+00:00,6,24,59,22,55
hourly,140,2026-06-21 20:00:00+00:00,12,24,59,42,106
hourly,141,2026-06-21 21:00:00+00:00,1,24,61,8,18
hourly,141,2026-06-21 21:00:00+00:00,3,24,61,18,42
hourly,141,2026-06-21 21:00:00+00:00,6,24,61,23,58
hourly,141,2026-06-21 21:00:00+00:00,12,24,61,40,103
hourly,142,2026-06-21 22:00:00+00:00,1,24,59,4,13
hourly,142,2026-06-21 22:00:00+00:00,3,24,59,15,41
hourly,142,2026-06-21 22:00:00+00:00,6,24,59,23,59
hourly,142,2026-06-21 22:00:00+00:00,12,24,59,39,102
hourly,143,2026-06-21 23:00:00+00:00,1,24,60,3,14
hourly,143,2026-06-21 23:00:00+00:00,3,24,60,10,35
hourly,143,2026-06-21 23:00:00+00:00,6,24,60,23,66
hourly,143,2026-06-21 23:00:00+00:00,12,24,60,36,101
hourly,144,2026-06-22 00:00:00+00:00,1,24,63,6,13
hourly,144,2026-06-22 00:00:00+00:00,3,24,63,9,36
hourly,144,2026-06-22 00:00:00+00:00,6,24,63,25,72
hourly,144,2026-06-22 00:00:00+00:00,12,24,63,38,109
hourly,145,2026-06-22 01:00:00+00:00,1,24,68,7,15
hourly,145,2026-06-22 01:00:00+00:00,3,24,68,13,41
hourly,145,2026-06-22 01:00:00+00:00,6,24,68,25,75
hourly,145,2026-06-22 01:00:00+00:00,12,24,68,41,117
hourly,146,2026-06-22 02:00:00+00:00,1,24,67,0,0
hourly,146,2026-06-22 02:00:00+00:00,3,24,67,12,29
hourly,146,2026-06-22 02:00:00+00:00,6,24,67,20,60
hourly,146,2026-06-22 02:00:00+00:00,12,24,67,37,108
hourly,147,2026-06-22 03:00:00+00:00,1,24,100,34,95
hourly,147,2026-06-22 03:00:00+00:00,3,24,100,43,113
hourly,147,2026-06-22 03:00:00+00:00,6,24,100,51,145
hourly,147,2026-06-22 03:00:00+00:00,12,24,100,69,194
hourly,148,2026-06-22 04:00:00+00:00,1,24,106,7,22
hourly,148,2026-06-22 04:00:00+00:00,3,24,106,43,114
hourly,148,2026-06-22 04:00:00+00:00,6,24,106,56,151
hourly,148,2026-06-22 04:00:00+00:00,12,24,106,74,203
hourly,149,2026-06-22 05:00:00+00:00,1,24,106,0,0
hourly,149,2026-06-22 05:00:00+00:00,3,24,106,43,113
hourly,149,2026-06-22 05:00:00+00:00,6,24,106,55,139
hourly,149,2026-06-22 05:00:00+00:00,12,24,106,74,202
hourly,150,2026-06-22 06:00:00+00:00,1,24,105,0,0
hourly,150,2026-06-22 06:00:00+00:00,3,24,105,7,22
hourly,150,2026-06-22 06:00:00+00:00,6,24,105,50,129
hourly,150,2026-06-22 06:00:00+00:00,12,24,105,72,194
hourly,151,2026-06-22 07:00:00+00:00,1,24,102,4,19
hourly,151,2026-06-22 07:00:00+00:00,3,24,102,4,19
hourly,151,2026-06-22 07:00:00+00:00,6,24,102,44,128
hourly,151,2026-06-22 07:00:00+00:00,12,24,102,68,199
hourly,152,2026-06-22 08:00:00+00:00,1,24,100,0,0
hourly,152,2026-06-22 08:00:00+00:00,3,24,100,4,20
hourly,152,2026-06-22 08:00:00+00:00,6,24,100,44,128
hourly,152,2026-06-22 08:00:00+00:00,12,24,100,63,186
hourly,153,2026-06-22 09:00:00+00:00,1,24,118,30,94
hourly,153,2026-06-22 09:00:00+00:00,3,24,118,30,108
hourly,153,2026-06-22 09:00:00+00:00,6,24,118,35,126
hourly,153,2026-06-22 09:00:00+00:00,12,24,118,83,250
hourly,154,2026-06-22 10:00:00+00:00,1,24,118,0,0
hourly,154,2026-06-22 10:00:00+00:00,3,24,118,32,97
hourly,154,2026-06-22 10:00:00+00:00,6,24,118,32,110
hourly,154,2026-06-22 10:00:00+00:00,12,24,118,83,242
hourly,155,2026-06-22 11:00:00+00:00,1,24,114,0,0
hourly,155,2026-06-22 11:00:00+00:00,3,24,114,32,96
hourly,155,2026-06-22 11:00:00+00:00,6,24,114,32,110
hourly,155,2026-06-22 11:00:00+00:00,12,24,114,82,230
hourly,156,2026-06-22 12:00:00+00:00,1,24,112,0,0
hourly,156,2026-06-22 12:00:00+00:00,3,24,112,0,0
hourly,156,2026-06-22 12:00:00+00:00,6,24,112,32,110
hourly,156,2026-06-22 12:00:00+00:00,12,24,112,77,220
hourly,157,2026-06-22 13:00:00+00:00,1,24,110,0,0
hourly,157,2026-06-22 13:00:00+00:00,3,24,110,0,0
hourly,157,2026-06-22 13:00:00+00:00,6,24,110,32,97
hourly,157,2026-06-22 13:00:00+00:00,12,24,110,71,207
hourly,158,2026-06-22 14:00:00+00:00,1,24,106,0,0
hourly,158,2026-06-22 14:00:00+00:00,3,24,106,0,0
hourly,158,2026-06-22 14:00:00+00:00,6,24,106,32,96
hourly,158,2026-06-22 14:00:00+00:00,12,24,106,71,206
hourly,159,2026-06-22 15:00:00+00:00,1,24,103,0,0
hourly,159,2026-06-22 15:00:00+00:00,3,24,103,0,0
hourly,159,2026-06-22 15:00:00+00:00,6,24,103,0,0
hourly,159,2026-06-22 15:00:00+00:00,12,24,103,37,128
hourly,160,2026-06-22 16:00:00+00:00,1,24,101,0,0
hourly,160,2026-06-22 16:00:00+00:00,3,24,101,0,0
hourly,160,2026-06-22 16:00:00+00:00,6,24,101,0,0
hourly,160,2026-06-22 16:00:00+00:00,12,24,101,32,110
hourly,161,2026-06-22 17:00:00+00:00,1,24,101,0,0
hourly,161,2026-06-22 17:00:00+00:00,3,24,101,0,0
hourly,161,2026-06-22 17:00:00+00:00,6,24,101,0,0
hourly,161,2026-06-22 17:00:00+00:00,12,24,101,32,110
hourly,162,2026-06-22 18:00:00+00:00,1,24,99,0,0
hourly,162,2026-06-22 18:00:00+00:00,3,24,99,0,0
hourly,162,2026-06-22 18:00:00+00:00,6,24,99,0,0
hourly,162,2026-06-22 18:00:00+00:00,12,24,99,32,110
hourly,163,2026-06-22 19:00:00+00:00,1,24,95,0,0
hourly,163,2026-06-22 19:00:00+00:00,3,24,95,0,0
hourly,163,2026-06-22 19:00:00+00:00,6,24,95,0,0
hourly,163,2026-06-22 19:00:00+00:00,12,24,95,32,97
hourly,164,2026-06-22 20:00:00+00:00,1,24,88,0,0
hourly,164,2026-06-22 20:00:00+00:00,3,24,88,0,0
hourly,164,2026-06-22 20:00:00+00:00,6,24,88,0,0
hourly,164,2026-06-22 20:00:00+00:00,12,24,88,31,91
hourly,165,2026-06-22 21:00:00+00:00,1,24,83,0,0
hourly,165,2026-06-22 21:00:00+00:00,3,24,83,0,0
hourly,165,2026-06-22 21:00:00+00:00,6,24,83,0,0
hourly,165,2026-06-22 21:00:00+00:00,12,24,83,0,0
hourly,166,2026-06-22 22:00:00+00:00,1,24,81,0,0
hourly,166,2026-06-22 22:00:00+00:00,3,24,81,0,0
hourly,166,2026-06-22 22:00:00+00:00,6,24,81,0,0
hourly,166,2026-06-22 22:00:00+00:00,12,24,81,0,0
hourly,167,2026-06-22 23:00:00+00:00,1,24,80,0,0
hourly,167,2026-06-22 23:00:00+00:00,3,24,80,0,0
hourly,167,2026-06-22 23:00:00+00:00,6,24,80,0,0
hourly,167,2026-06-22 23:00:00+00:00,12,24,80,0,0
hourly,168,2026-06-23 00:00:00+00:00,1,24,75,0,0
hourly,168,2026-06-23 00:00:00+00:00,3,24,75,0,0
hourly,168,2026-06-23 00:00:00+00:00,6,24,75,0,0
hourly,168,2026-06-23 00:00:00+00:00,12,24,75,0,0
