k,fraction_removed,R0,R_degree,D_degree,Q_degree,R_random_p05,R_random_median,R_random_p95,Q_random_median,G,R_tie_p05,R_tie_median,R_tie_p95,random_fraction_at_least_as_disruptive
0,0.0,0.9467312348668281,0.9467312348668281,0.0,1.0,0.9467312348668281,0.9467312348668281,0.9467312348668281,1.0,0.0,0.9467312348668281,0.9467312348668281,0.9467312348668281,1.0
1,0.0026595744680851063,0.9467312348668281,0.8523002421307506,0.09443099273607747,0.9002557544757034,0.9430992736077481,0.9467312348668281,0.9467312348668281,1.0,0.09443099273607747,0.8523002421307506,0.8523002421307506,0.8523002421307506,0.002
2,0.005319148936170213,0.9467312348668281,0.8099273607748184,0.13680387409200967,0.8554987212276215,0.9394673123486683,0.9455205811138014,0.9467312348668281,0.9987212276214834,0.13559322033898302,0.8099273607748184,0.8099273607748184,0.8099273607748184,0.0
3,0.007978723404255319,0.9467312348668281,0.788135593220339,0.1585956416464891,0.8324808184143223,0.935774818401937,0.9455205811138014,0.9467312348668281,0.9987212276214834,0.15738498789346245,0.788135593220339,0.788135593220339,0.788135593220339,0.0
4,0.010638297872340425,0.9467312348668281,0.7784503631961259,0.16828087167070216,0.8222506393861893,0.9334140435835351,0.9443099273607748,0.9467312348668281,0.9974424552429667,0.16585956416464886,0.7772397094430993,0.7784503631961259,0.7784503631961259,0.0
5,0.013297872340425532,0.9467312348668281,0.7675544794188862,0.17917675544794187,0.8107416879795396,0.932142857142857,0.9430992736077481,0.9467312348668281,0.9961636828644501,0.17554479418886193,0.7675544794188862,0.7675544794188862,0.7675544794188862,0.0
6,0.015957446808510637,0.9467312348668281,0.7530266343825666,0.19370460048426152,0.7953964194373401,0.9285714285714286,0.9430992736077481,0.9467312348668281,0.9961636828644501,0.19007263922518158,0.7518159806295399,0.7518159806295399,0.7530266343825666,0.0
7,0.018617021276595744,0.9467312348668281,0.7372881355932204,0.2094430992736077,0.7787723785166241,0.9260895883777239,0.9418886198547215,0.9467312348668281,0.9948849104859334,0.20460048426150113,0.7372881355932204,0.7372881355932204,0.7372881355932204,0.0
8,0.02127659574468085,0.9467312348668281,0.7288135593220338,0.21791767554479424,0.7698209718670076,0.9171912832929783,0.940677966101695,0.9455205811138014,0.9936061381074169,0.21186440677966112,0.7288135593220338,0.7288135593220338,0.7288135593220338,0.0
9,0.023936170212765957,0.9467312348668281,0.7203389830508474,0.22639225181598066,0.7608695652173912,0.9055690072639225,0.940677966101695,0.9455205811138014,0.9936061381074169,0.22033898305084754,0.7203389830508474,0.7203389830508474,0.7203389830508474,0.0
10,0.026595744680851064,0.9467312348668281,0.7106537530266344,0.23607748184019373,0.7506393861892583,0.9019370460048426,0.9394673123486683,0.9443099273607748,0.9923273657289003,0.22881355932203395,0.7106537530266344,0.7106537530266344,0.7142857142857143,0.0
11,0.02925531914893617,0.9467312348668281,0.7046004842615012,0.24213075060532685,0.7442455242966752,0.9019370460048426,0.9382566585956417,0.9443099273607748,0.9910485933503836,0.23365617433414043,0.7046004842615012,0.7046004842615012,0.7046004842615012,0.0
12,0.031914893617021274,0.9467312348668281,0.7009685230024213,0.2457627118644068,0.7404092071611253,0.9007263922518159,0.9382566585956417,0.9443099273607748,0.9910485933503836,0.23728813559322037,0.698547215496368,0.7009685230024213,0.7009685230024213,0.0
13,0.034574468085106384,0.9467312348668281,0.6949152542372882,0.2518159806295399,0.7340153452685423,0.8983050847457628,0.937046004842615,0.9430992736077481,0.989769820971867,0.24213075060532685,0.6949152542372882,0.6949152542372882,0.6949152542372882,0.0
14,0.03723404255319149,0.9467312348668281,0.6924939467312349,0.2542372881355932,0.731457800511509,0.8969733656174335,0.9358353510895884,0.9430992736077481,0.9884910485933504,0.2433414043583535,0.6803874092009685,0.6803874092009685,0.6924939467312349,0.0
15,0.0398936170212766,0.9467312348668281,0.6779661016949152,0.26876513317191286,0.7161125319693095,0.8922518159806295,0.9346246973365617,0.9418886198547215,0.9872122762148338,0.2566585956416465,0.6779661016949152,0.6779661016949152,0.6779661016949152,0.0
16,0.0425531914893617,0.9467312348668281,0.6743341404358354,0.2723970944309927,0.7122762148337597,0.8921307506053269,0.9346246973365617,0.9418886198547215,0.9872122762148338,0.26029055690072633,0.6707021791767555,0.6707021791767555,0.6743341404358354,0.0
17,0.04521276595744681,0.9467312348668281,0.6670702179176755,0.2796610169491526,0.7046035805626598,0.8897699757869248,0.9334140435835351,0.9418886198547215,0.9859335038363171,0.26634382566585957,0.6634382566585957,0.6670702179176755,0.6670702179176755,0.0
18,0.047872340425531915,0.9467312348668281,0.6598062953995157,0.28692493946731235,0.6969309462915602,0.8882566585956416,0.931598062953995,0.940677966101695,0.9840153452685421,0.2717917675544793,0.6598062953995157,0.6598062953995157,0.6598062953995157,0.0
19,0.05053191489361702,0.9467312348668281,0.6598062953995157,0.28692493946731235,0.6969309462915602,0.8776634382566586,0.9309927360774818,0.940677966101695,0.9833759590792839,0.27118644067796605,0.6598062953995157,0.6598062953995157,0.6598062953995157,0.0
20,0.05319148936170213,0.9467312348668281,0.6537530266343826,0.29297820823244547,0.690537084398977,0.8776634382566586,0.9297820823244553,0.940677966101695,0.9820971867007673,0.27602905569007263,0.6537530266343826,0.6537530266343826,0.6537530266343826,0.0
21,0.05585106382978723,0.9467312348668281,0.652542372881356,0.2941888619854721,0.6892583120204604,0.8437651331719128,0.9285714285714286,0.9394673123486683,0.9808184143222507,0.27602905569007263,0.6501210653753027,0.652542372881356,0.652542372881356,0.0
22,0.05851063829787234,0.9467312348668281,0.648910411622276,0.29782082324455206,0.6854219948849105,0.8401937046004843,0.9285714285714286,0.9394673123486683,0.9808184143222507,0.2796610169491526,0.648910411622276,0.648910411622276,0.648910411622276,0.0
23,0.061170212765957445,0.9467312348668281,0.6464891041162227,0.30024213075060535,0.6828644501278772,0.8377118644067796,0.927360774818402,0.9383171912832929,0.979539641943734,0.2808716707021792,0.6464891041162227,0.648910411622276,0.648910411622276,0.0
24,0.06382978723404255,0.9467312348668281,0.6464891041162227,0.30024213075060535,0.6828644501278772,0.8365617433414043,0.9261501210653753,0.9382566585956417,0.9782608695652174,0.2796610169491526,0.6464891041162227,0.6464891041162227,0.6464891041162227,0.0
25,0.06648936170212766,0.9467312348668281,0.6440677966101694,0.30266343825665865,0.6803069053708439,0.8365012106537529,0.9249394673123487,0.9382566585956417,0.9769820971867008,0.2808716707021792,0.639225181598063,0.6416464891041163,0.6440677966101694,0.0
26,0.06914893617021277,0.9467312348668281,0.639225181598063,0.3075060532687651,0.6751918158567775,0.8341404358353511,0.923728813559322,0.937046004842615,0.9757033248081841,0.28450363196125905,0.6343825665859564,0.6368038740920097,0.639225181598063,0.0
27,0.07180851063829788,0.9467312348668281,0.6319612590799032,0.3147699757869249,0.6675191815856778,0.8341404358353511,0.9225181598062954,0.9358958837772396,0.9744245524296675,0.2905569007263922,0.6319612590799032,0.6319612590799032,0.6319612590799032,0.0
28,0.07446808510638298,0.9467312348668281,0.6271186440677966,0.3196125907990315,0.6624040920716112,0.8328692493946731,0.9219128329297821,0.9358353510895884,0.9737851662404092,0.2947941888619855,0.62590799031477,0.6271186440677966,0.6307506053268765,0.0
29,0.07712765957446809,0.9467312348668281,0.62590799031477,0.32082324455205813,0.6611253196930946,0.8292978208232445,0.9213075060532687,0.9346246973365617,0.9731457800511508,0.29539951573849876,0.6210653753026635,0.6222760290556901,0.6271186440677966,0.0
30,0.0797872340425532,0.9467312348668281,0.6198547215496368,0.32687651331719125,0.6547314578005116,0.8279661016949152,0.9200968523002422,0.9346246973365617,0.9718670076726343,0.30024213075060535,0.6162227602905569,0.6186440677966102,0.6222760290556901,0.0
31,0.08244680851063829,0.9467312348668281,0.6162227602905569,0.3305084745762712,0.6508951406649617,0.8232445520581114,0.9188861985472155,0.9334140435835351,0.9705882352941176,0.30266343825665865,0.6113801452784504,0.6150121065375302,0.6174334140435835,0.0
32,0.0851063829787234,0.9467312348668281,0.6113801452784504,0.33535108958837767,0.6457800511508952,0.82318401937046,0.9176755447941889,0.9334140435835351,0.969309462915601,0.3062953995157385,0.6076876513317191,0.6113801452784504,0.612590799031477,0.0
33,0.08776595744680851,0.9467312348668281,0.6065375302663438,0.34019370460048426,0.6406649616368286,0.82318401937046,0.9176755447941889,0.9334140435835351,0.969309462915601,0.31113801452784506,0.6029055690072639,0.6065375302663438,0.6077481840193705,0.0
34,0.09042553191489362,0.9467312348668281,0.6016949152542372,0.34503631961259085,0.6355498721227621,0.8220338983050848,0.9164648910411622,0.9322033898305084,0.9680306905370845,0.314769975786925,0.6016949152542372,0.6016949152542372,0.6016949152542372,0.0
35,0.09308510638297872,0.9467312348668281,0.5956416464891041,0.35108958837772397,0.629156010230179,0.8183414043583535,0.9152542372881356,0.9309927360774818,0.9667519181585678,0.3196125907990315,0.5944309927360775,0.5980629539951574,0.6016949152542372,0.0
36,0.09574468085106383,0.9467312348668281,0.5956416464891041,0.35108958837772397,0.629156010230179,0.8171912832929782,0.914043583535109,0.9297820823244553,0.9654731457800512,0.31840193704600483,0.5883777239709443,0.5920096852300242,0.5980629539951574,0.0
37,0.09840425531914894,0.9467312348668281,0.5920096852300242,0.3547215496368039,0.6253196930946291,0.8171912832929782,0.9128329297820823,0.9297820823244553,0.9641943734015345,0.32082324455205813,0.5835351089588378,0.5883777239709443,0.5944309927360775,0.0
38,0.10106382978723404,0.9467312348668281,0.589588377723971,0.3571428571428571,0.6227621483375959,0.8158595641646489,0.9128329297820823,0.9285714285714286,0.9641943734015345,0.3232445520581113,0.5774818401937046,0.5835351089588378,0.589588377723971,0.0
39,0.10372340425531915,0.9467312348668281,0.5823244552058111,0.364406779661017,0.6150895140664961,0.8135593220338984,0.9116222760290557,0.9285714285714286,0.9629156010230179,0.32929782082324455,0.5738498789346247,0.5786924939467313,0.5847457627118644,0.0
40,0.10638297872340426,0.9467312348668281,0.5786924939467313,0.3680387409200968,0.6112531969309464,0.8099273607748184,0.910411622276029,0.927360774818402,0.9616368286445013,0.33171912832929773,0.5677966101694916,0.5750605326876513,0.5799031476997578,0.0
41,0.10904255319148937,0.9467312348668281,0.572639225181598,0.37409200968523004,0.6048593350383632,0.8098062953995158,0.9092009685230025,0.9261501210653753,0.9603580562659847,0.33656174334140443,0.5641646489104116,0.5702179176755447,0.5750605326876513,0.0
42,0.11170212765957446,0.9467312348668281,0.5653753026634383,0.3813559322033898,0.5971867007672634,0.8073849878934625,0.9079903147699758,0.9261501210653753,0.9590792838874681,0.34261501210653755,0.5605326876513317,0.5653753026634383,0.5690072639225182,0.0
43,0.11436170212765957,0.9467312348668281,0.5581113801452785,0.3886198547215496,0.5895140664961638,0.8073849878934625,0.9067796610169492,0.9249394673123487,0.9578005115089514,0.3486682808716707,0.5544794188861986,0.5605326876513317,0.5617433414043583,0.0
44,0.11702127659574468,0.9467312348668281,0.5544794188861986,0.3922518159806295,0.5856777493606138,0.8050242130750604,0.9043583535108959,0.9249394673123487,0.9552429667519181,0.3498789346246973,0.5544794188861986,0.5544794188861986,0.5544794188861986,0.0
45,0.1196808510638298,0.9467312348668281,0.5520581113801453,0.3946731234866828,0.5831202046035806,0.801452784503632,0.9037530266343825,0.9225181598062954,0.9546035805626598,0.35169491525423724,0.5484261501210653,0.5520581113801453,0.5532687651331719,0.0
46,0.12234042553191489,0.9467312348668281,0.5460048426150121,0.40072639225181594,0.5767263427109974,0.8002421307506054,0.9031476997578692,0.92136803874092,0.9539641943734015,0.3571428571428571,0.5460048426150121,0.5472154963680388,0.5508474576271186,0.0
47,0.125,0.9467312348668281,0.5447941888619855,0.4019370460048426,0.5754475703324808,0.7990314769975787,0.9019370460048426,0.9213075060532687,0.9526854219948849,0.3571428571428571,0.5447941888619855,0.5447941888619855,0.5447941888619855,0.0
48,0.1276595744680851,0.9467312348668281,0.5435835351089588,0.40314769975786924,0.5741687979539642,0.7977602905569007,0.9007263922518159,0.9213075060532687,0.9514066496163682,0.3571428571428571,0.5399515738498789,0.5435835351089588,0.5435835351089588,0.0
49,0.13031914893617022,0.9467312348668281,0.5387409200968523,0.4079903147699758,0.5690537084398977,0.7966101694915254,0.8995157384987893,0.9200968523002422,0.9501278772378516,0.36077481840193704,0.5375302663438256,0.5399515738498789,0.5423728813559322,0.0
50,0.13297872340425532,0.9467312348668281,0.5363196125907991,0.410411622276029,0.5664961636828645,0.7953389830508474,0.8983050847457628,0.9200968523002422,0.948849104859335,0.3619854721549637,0.5338983050847458,0.5375302663438256,0.5411622276029056,0.0
51,0.1356382978723404,0.9467312348668281,0.5338983050847458,0.4128329297820823,0.5639386189258312,0.7929782082324455,0.8970944309927361,0.9188861985472155,0.9475703324808185,0.36319612590799033,0.5326876513317191,0.5351089588377724,0.5387409200968523,0.0
52,0.13829787234042554,0.9467312348668281,0.5326876513317191,0.41404358353510895,0.5626598465473146,0.7928571428571428,0.8958837772397095,0.9188861985472155,0.9462915601023019,0.36319612590799033,0.5302663438256658,0.5326876513317191,0.5363196125907991,0.0
53,0.14095744680851063,0.9467312348668281,0.5290556900726392,0.4176755447941889,0.5588235294117647,0.7857142857142857,0.8958837772397095,0.9177360774818402,0.9462915601023019,0.36682808716707027,0.5290556900726392,0.5302663438256658,0.5338983050847458,0.0
54,0.14361702127659576,0.9467312348668281,0.5278450363196125,0.41888619854721554,0.557544757033248,0.7857142857142857,0.8946731234866828,0.9165254237288135,0.9450127877237852,0.36682808716707027,0.5278450363196125,0.5278450363196125,0.5278450363196125,0.0
55,0.14627659574468085,0.9467312348668281,0.5230024213075061,0.423728813559322,0.5524296675191817,0.7844430992736077,0.8934624697336562,0.9164648910411622,0.9437340153452686,0.3704600484261501,0.5169491525423728,0.5242130750605327,0.5278450363196125,0.0
56,0.14893617021276595,0.9467312348668281,0.5230024213075061,0.423728813559322,0.5524296675191817,0.7820823244552058,0.8934624697336562,0.9153147699757869,0.9437340153452686,0.3704600484261501,0.5121065375302664,0.5205811138014528,0.5254237288135594,0.0
57,0.15159574468085107,0.9467312348668281,0.5193704600484261,0.42736077481840196,0.5485933503836317,0.7783898305084745,0.8922518159806295,0.9152542372881356,0.9424552429667519,0.3728813559322034,0.5072639225181598,0.5157384987893463,0.5230024213075061,0.0
58,0.15425531914893617,0.9467312348668281,0.5145278450363197,0.43220338983050843,0.5434782608695653,0.7771791767554479,0.8910411622276029,0.914043583535109,0.9411764705882353,0.3765133171912832,0.5024213075060533,0.5121065375302664,0.5193704600484261,0.0
59,0.15691489361702127,0.9467312348668281,0.5096852300242131,0.437046004842615,0.5383631713554987,0.773547215496368,0.8886198547215496,0.914043583535109,0.938618925831202,0.3789346246973365,0.49878934624697335,0.5072639225181598,0.5157384987893463,0.0
60,0.1595744680851064,0.9467312348668281,0.5072639225181598,0.4394673123486683,0.5358056265984654,0.7711864406779662,0.887409200968523,0.9128329297820823,0.9373401534526855,0.3801452784503633,0.4939467312348668,0.5024213075060533,0.5121065375302664,0.0
61,0.1622340425531915,0.9467312348668281,0.5036319612590799,0.44309927360774815,0.5319693094629157,0.7711864406779662,0.8861985472154964,0.9116222760290557,0.9360613810741688,0.38256658595641646,0.4891041162227603,0.49878934624697335,0.5072639225181598,0.0
62,0.16489361702127658,0.9467312348668281,0.4927360774818402,0.4539951573849879,0.520460358056266,0.7687651331719129,0.8855932203389831,0.9116222760290557,0.9354219948849106,0.39285714285714296,0.4854721549636804,0.4939467312348668,0.5024213075060533,0.0
63,0.1675531914893617,0.9467312348668281,0.4927360774818402,0.4539951573849879,0.520460358056266,0.7674939467312348,0.8843825665859564,0.9104721549636803,0.9341432225063938,0.3916464891041162,0.48184019370460046,0.4891041162227603,0.49878934624697335,0.0
64,0.1702127659574468,0.9467312348668281,0.4854721549636804,0.4612590799031477,0.5127877237851662,0.7663438256658596,0.8825665859564165,0.910411622276029,0.9322250639386189,0.39709443099273606,0.4782082324455206,0.4854721549636804,0.4939467312348668,0.0
65,0.17287234042553193,0.9467312348668281,0.4830508474576271,0.463680387409201,0.510230179028133,0.7590799031476998,0.8813559322033898,0.9092615012106537,0.9309462915601023,0.3983050847457627,0.47578692493946734,0.48062953995157387,0.4891041162227603,0.0
66,0.17553191489361702,0.9467312348668281,0.47578692493946734,0.47094430992736075,0.5025575447570333,0.7590193704600484,0.8801452784503632,0.9080508474576271,0.9296675191815856,0.40435835351089583,0.47336561743341404,0.47699757869249393,0.48426150121065376,0.0
67,0.17819148936170212,0.9467312348668281,0.47336561743341404,0.47336561743341404,0.5,0.7564769975786925,0.8789346246973365,0.9079903147699758,0.928388746803069,0.4055690072639225,0.47336561743341404,0.47336561743341404,0.47336561743341404,0.0
68,0.18085106382978725,0.9467312348668281,0.46973365617433416,0.47699757869249393,0.4961636828644502,0.7564769975786925,0.8789346246973365,0.9067796610169492,0.928388746803069,0.40920096852300236,0.4648910411622276,0.4685230024213075,0.46973365617433416,0.0
69,0.18351063829787234,0.9467312348668281,0.4661016949152542,0.48062953995157387,0.49232736572890023,0.7541767554479418,0.8771186440677966,0.9055690072639225,0.9264705882352942,0.4110169491525424,0.45756658595641647,0.46246973365617433,0.4661016949152542,0.0
70,0.18617021276595744,0.9467312348668281,0.4612590799031477,0.4854721549636804,0.48721227621483376,0.7541767554479418,0.8753026634382567,0.9043583535108959,0.9245524296675192,0.414043583535109,0.4515738498789346,0.45641646489104115,0.4612590799031477,0.0
71,0.18882978723404256,0.9467312348668281,0.45641646489104115,0.49031476997578693,0.48209718670076723,0.7518159806295399,0.87409200968523,0.9031476997578692,0.9232736572890026,0.4176755447941889,0.44552058111380144,0.4515738498789346,0.45641646489104115,0.0
72,0.19148936170212766,0.9467312348668281,0.44794188861985473,0.49878934624697335,0.47314578005115093,0.7506053268765133,0.8728813559322034,0.9019975786924939,0.921994884910486,0.42493946731234866,0.43946731234866826,0.4467312348668281,0.4515738498789346,0.0
73,0.19414893617021275,0.9467312348668281,0.4443099273607748,0.5024213075060533,0.469309462915601,0.7506053268765133,0.8716707021791767,0.9007869249394672,0.9207161125319693,0.42736077481840196,0.4346246973365617,0.43946731234866826,0.44552058111380144,0.0
74,0.19680851063829788,0.9467312348668281,0.43946731234866826,0.5072639225181599,0.4641943734015345,0.7492736077481841,0.8716707021791767,0.9007263922518159,0.9207161125319693,0.4322033898305085,0.42857142857142855,0.4346246973365617,0.4406779661016949,0.0
75,0.19946808510638298,0.9467312348668281,0.4358353510895884,0.5108958837772397,0.46035805626598464,0.7457021791767554,0.8692493946731235,0.9007263922518159,0.918158567774936,0.4334140435835351,0.423728813559322,0.4297820823244552,0.4358353510895884,0.0
76,0.20212765957446807,0.9467312348668281,0.43099273607748184,0.5157384987893463,0.45524296675191817,0.7444915254237288,0.8680387409200968,0.8995157384987893,0.9168797953964194,0.43704600484261497,0.4188861985472155,0.423728813559322,0.4297820823244552,0.0
77,0.2047872340425532,0.9467312348668281,0.4225181598062954,0.5242130750605327,0.4462915601023018,0.7420702179176755,0.8668280871670703,0.8983050847457628,0.9156010230179029,0.44430992736077485,0.41404358353510895,0.4188861985472155,0.423728813559322,0.0
78,0.2074468085106383,0.9467312348668281,0.41767554479418884,0.5290556900726393,0.4411764705882353,0.7408595641646488,0.8668280871670703,0.8983050847457628,0.9156010230179029,0.44915254237288144,0.4092009685230024,0.4128329297820823,0.41767554479418884,0.0
79,0.21010638297872342,0.9467312348668281,0.4092009685230024,0.5375302663438257,0.4322250639386189,0.7396489104116223,0.8656174334140436,0.8971549636803874,0.9143222506393862,0.4564164648910412,0.40556900726392253,0.4067796610169492,0.41041162227602906,0.0
80,0.2127659574468085,0.9467312348668281,0.4019370460048426,0.5447941888619855,0.42455242966751916,0.738498789346247,0.8631961259079903,0.8959443099273607,0.9117647058823529,0.46125907990314774,0.4019370460048426,0.4019370460048426,0.4019370460048426,0.0
81,0.2154255319148936,0.9467312348668281,0.39951573849878935,0.5472154963680387,0.4219948849104859,0.737227602905569,0.8619854721549637,0.8958837772397095,0.9104859335038363,0.46246973365617433,0.3934624697336562,0.39951573849878935,0.4019370460048426,0.0
82,0.21808510638297873,0.9467312348668281,0.3983050847457627,0.5484261501210654,0.4207161125319693,0.7360774818401937,0.860774818401937,0.8946731234866828,0.9092071611253196,0.46246973365617433,0.3910411622276029,0.39709443099273606,0.400726392251816,0.0
83,0.22074468085106383,0.9467312348668281,0.3983050847457627,0.5484261501210654,0.4207161125319693,0.7323244552058111,0.8595641646489104,0.8934624697336562,0.907928388746803,0.4612590799031477,0.387409200968523,0.3934624697336562,0.3983050847457627,0.0
84,0.22340425531914893,0.9467312348668281,0.39588377723970947,0.5508474576271186,0.4181585677749361,0.7299636803874091,0.8595641646489104,0.8934624697336562,0.907928388746803,0.4636803874092009,0.3837772397094431,0.3898305084745763,0.39588377723970947,0.0
85,0.22606382978723405,0.9467312348668281,0.3910411622276029,0.5556900726392252,0.4130434782608695,0.7263922518159807,0.8571428571428571,0.8922518159806295,0.9053708439897697,0.4661016949152542,0.3801452784503632,0.387409200968523,0.3946731234866828,0.0
86,0.22872340425531915,0.9467312348668281,0.38861985472154964,0.5581113801452784,0.41048593350383633,0.726271186440678,0.8559322033898306,0.8910411622276029,0.9040920716112533,0.4673123486682809,0.3765133171912833,0.38498789346246975,0.3910411622276029,0.0
87,0.23138297872340424,0.9467312348668281,0.3801452784503632,0.5665859564164648,0.40153452685422,0.7227602905569007,0.8547215496368039,0.8898910411622275,0.9028132992327366,0.4745762711864407,0.37409200968523004,0.3813559322033898,0.38861985472154964,0.0
88,0.23404255319148937,0.9467312348668281,0.37409200968523004,0.572639225181598,0.39514066496163686,0.720278450363196,0.8535108958837773,0.8886803874092009,0.90153452685422,0.4794188861985472,0.37167070217917675,0.37772397094430993,0.38619854721549635,0.0
89,0.23670212765957446,0.9467312348668281,0.3728813559322034,0.5738498789346247,0.3938618925831202,0.7179176755447942,0.8523002421307506,0.8886198547215496,0.9002557544757034,0.4794188861985472,0.3692493946731235,0.37530266343825663,0.3837772397094431,0.0
90,0.2393617021276596,0.9467312348668281,0.3704600484261501,0.576271186440678,0.3913043478260869,0.7178571428571429,0.8523002421307506,0.8862590799031477,0.9002557544757034,0.4818401937046005,0.36561743341404357,0.3728813559322034,0.3801452784503632,0.0
91,0.24202127659574468,0.9467312348668281,0.3692493946731235,0.5774818401937045,0.3900255754475704,0.715496368038741,0.8504842615012107,0.8861985472154964,0.8983375959079284,0.4812348668280872,0.3644067796610169,0.3692493946731235,0.3765133171912833,0.0
92,0.24468085106382978,0.9467312348668281,0.36561743341404357,0.5811138014527846,0.38618925831202044,0.7141646489104116,0.8486682808716707,0.885048426150121,0.8964194373401534,0.4830508474576271,0.3619854721549637,0.3668280871670702,0.37167070217917675,0.0
93,0.2473404255319149,0.9467312348668281,0.36077481840193704,0.585956416464891,0.38107416879795397,0.7118038740920096,0.847457627118644,0.8849878934624698,0.8951406649616368,0.486682808716707,0.36077481840193704,0.36319612590799033,0.3692493946731235,0.0
94,0.25,0.9467312348668281,0.36077481840193704,0.585956416464891,0.38107416879795397,0.7081719128329298,0.847457627118644,0.8837772397094431,0.8951406649616368,0.486682808716707,0.36077481840193704,0.36077481840193704,0.36077481840193704,0.0
95,0.2526595744680851,0.9467312348668281,0.3583535108958838,0.5883777239709442,0.37851662404092073,0.7058111380145279,0.8456416464891041,0.8837772397094431,0.8932225063938619,0.4872881355932203,0.35472154963680386,0.3583535108958838,0.36077481840193704,0.0
96,0.2553191489361702,0.9467312348668281,0.35714285714285715,0.589588377723971,0.3772378516624041,0.7033292978208232,0.8450363196125908,0.8825665859564165,0.8925831202046036,0.4878934624697337,0.35108958837772397,0.3559322033898305,0.3583535108958838,0.0
97,0.2579787234042553,0.9467312348668281,0.3559322033898305,0.5907990314769975,0.37595907928388744,0.7009685230024213,0.8426150121065376,0.8813559322033898,0.8900255754475703,0.48668280871670705,0.3474576271186441,0.3523002421307506,0.35714285714285715,0.0
98,0.26063829787234044,0.9467312348668281,0.3523002421307506,0.5944309927360775,0.3721227621483376,0.6997578692493946,0.8414043583535109,0.8802058111380144,0.8887468030690537,0.4891041162227603,0.34382566585956414,0.3498789346246973,0.35472154963680386,0.0
99,0.2632978723404255,0.9467312348668281,0.35108958837772397,0.5956416464891041,0.37084398976982097,0.6996973365617433,0.8401937046004843,0.8789346246973365,0.887468030690537,0.4891041162227603,0.3414043583535109,0.34624697336561744,0.3523002421307506,0.0
100,0.26595744680851063,0.9467312348668281,0.3486682808716707,0.5980629539951574,0.3682864450127877,0.6973365617433414,0.8383777239709442,0.8765133171912833,0.885549872122762,0.48970944309927356,0.33777239709443097,0.34382566585956414,0.3498789346246973,0.0
101,0.26861702127659576,0.9467312348668281,0.34624697336561744,0.6004842615012107,0.3657289002557545,0.6947941888619855,0.8365617433414043,0.875363196125908,0.8836317135549872,0.4903147699757869,0.3341404358353511,0.3414043583535109,0.3463075060532687,0.0
102,0.2712765957446808,0.9467312348668281,0.34019370460048426,0.6065375302663438,0.3593350383631714,0.6924334140435835,0.8353510895883777,0.8753026634382567,0.8823529411764706,0.4951573849878934,0.3305084745762712,0.33777239709443097,0.34382566585956414,0.0
103,0.27393617021276595,0.9467312348668281,0.33777239709443097,0.6089588377723971,0.3567774936061381,0.6912832929782082,0.8341404358353511,0.87409200968523,0.881074168797954,0.49636803874092017,0.3280871670702179,0.3341404358353511,0.3414043583535109,0.0
104,0.2765957446808511,0.9467312348668281,0.33292978208232443,0.6138014527845037,0.3516624040920716,0.6886198547215496,0.8329297820823245,0.871731234866828,0.8797953964194374,0.5,0.324455205811138,0.33171912832929784,0.33777239709443097,0.0
105,0.27925531914893614,0.9467312348668281,0.3280871670702179,0.6186440677966102,0.3465473145780051,0.6886198547215496,0.8317191283292978,0.8716707021791767,0.8785166240409208,0.5036319612590799,0.3220338983050847,0.3280871670702179,0.3353510895883777,0.0
106,0.28191489361702127,0.9467312348668281,0.3220338983050847,0.6246973365617434,0.34015345268542196,0.6828087167070218,0.8292978208232445,0.8693099273607747,0.8759590792838875,0.5072639225181599,0.31955205811138016,0.32566585956416466,0.33171912832929784,0.0
107,0.2845744680851064,0.9467312348668281,0.32082324455205813,0.62590799031477,0.3388746803069054,0.6827481840193704,0.8268765133171913,0.8692493946731235,0.8734015345268542,0.5060532687651331,0.3159806295399516,0.3220338983050847,0.3280871670702179,0.0
108,0.2872340425531915,0.9467312348668281,0.31840193704600483,0.6283292978208233,0.33631713554987214,0.6803874092009685,0.8232445520581114,0.8680992736077481,0.8695652173913044,0.5048426150121066,0.3135593220338983,0.3196125907990315,0.3245157384987893,0.0
109,0.2898936170212766,0.9467312348668281,0.31476997578692495,0.6319612590799031,0.33248081841432225,0.6802663438256659,0.8208232445520581,0.8680992736077481,0.8670076726342711,0.5060532687651331,0.31113801452784506,0.3159806295399516,0.3220338983050847,0.0
110,0.2925531914893617,0.9467312348668281,0.30871670702179177,0.6380145278450363,0.32608695652173914,0.6754842615012107,0.8196125907990315,0.8680992736077481,0.8657289002557544,0.5108958837772397,0.30871670702179177,0.3135593220338983,0.31840193704600483,0.0
111,0.29521276595744683,0.9467312348668281,0.30871670702179177,0.6380145278450363,0.32608695652173914,0.6730629539951574,0.8184019370460048,0.8668280871670703,0.8644501278772379,0.5096852300242131,0.3075060532687651,0.3099273607748184,0.3135593220338983,0.0
112,0.2978723404255319,0.9467312348668281,0.3075060532687651,0.639225181598063,0.3248081841432225,0.6707021791767555,0.8171912832929782,0.8656174334140436,0.8631713554987213,0.5096852300242131,0.3075060532687651,0.3075060532687651,0.3075060532687651,0.0
113,0.300531914893617,0.9467312348668281,0.3075060532687651,0.639225181598063,0.3248081841432225,0.6707021791767555,0.8159806295399515,0.8656174334140436,0.8618925831202046,0.5084745762711864,0.30145278450363194,0.3062953995157385,0.3075060532687651,0.0
114,0.30319148936170215,0.9467312348668281,0.30387409200968524,0.6428571428571428,0.32097186700767266,0.6706416464891041,0.8147699757869249,0.864406779661017,0.860613810741688,0.5108958837772397,0.2990314769975787,0.30387409200968524,0.3075060532687651,0.0
115,0.3058510638297872,0.9467312348668281,0.30387409200968524,0.6428571428571428,0.32097186700767266,0.6694915254237288,0.8135593220338984,0.8631961259079903,0.8593350383631714,0.5096852300242132,0.2965496368038741,0.3026634382566586,0.3062953995157385,0.0
116,0.30851063829787234,0.9467312348668281,0.3026634382566586,0.6440677966101696,0.319693094629156,0.6694309927360774,0.8111380145278451,0.860774818401937,0.8567774936061381,0.5084745762711864,0.29418886198547217,0.30024213075060535,0.3050847457627119,0.0
117,0.31117021276595747,0.9467312348668281,0.2990314769975787,0.6476997578692494,0.31585677749360613,0.6670702179176755,0.8099273607748184,0.860774818401937,0.8554987212276215,0.5108958837772397,0.29055690072639223,0.29782082324455206,0.30387409200968524,0.0
118,0.31382978723404253,0.9467312348668281,0.2966101694915254,0.6501210653753027,0.3132992327365729,0.6658595641646489,0.8075060532687651,0.860774818401937,0.8529411764705882,0.5108958837772397,0.288135593220339,0.2966101694915254,0.3026634382566586,0.0
119,0.31648936170212766,0.9467312348668281,0.29539951573849876,0.6513317191283293,0.31202046035805625,0.664588377723971,0.8062953995157385,0.8572033898305084,0.8516624040920716,0.5108958837772397,0.28565375302663437,0.29418886198547217,0.3003026634382566,0.0
120,0.3191489361702128,0.9467312348668281,0.29418886198547217,0.652542372881356,0.31074168797953966,0.6610169491525424,0.8038740920096852,0.8559322033898306,0.8491048593350383,0.509685230024213,0.28323244552058113,0.2917675544794189,0.2990314769975787,0.0
121,0.32180851063829785,0.9467312348668281,0.2917675544794189,0.6549636803874093,0.30818414322250637,0.6610169491525424,0.801452784503632,0.8559322033898306,0.8465473145780051,0.5096852300242132,0.28087167070217917,0.29055690072639223,0.29782082324455206,0.0
122,0.324468085106383,0.9467312348668281,0.2917675544794189,0.6549636803874093,0.30818414322250637,0.6597457627118644,0.8002421307506054,0.8559322033898306,0.8452685421994885,0.5084745762711864,0.2783898305084746,0.288135593220339,0.29539951573849876,0.0
123,0.3271276595744681,0.9467312348668281,0.29055690072639223,0.6561743341404358,0.3069053708439897,0.6573244552058111,0.7990314769975787,0.8535714285714285,0.8439897698209718,0.5084745762711864,0.2736077481840194,0.2857142857142857,0.29418886198547217,0.0
124,0.32978723404255317,0.9467312348668281,0.28692493946731235,0.6598062953995157,0.3030690537084399,0.6572033898305084,0.7960048426150121,0.8523002421307506,0.8407928388746804,0.5090799031476998,0.26997578692493945,0.28329297820823246,0.2929782082324455,0.0
125,0.3324468085106383,0.9467312348668281,0.28692493946731235,0.6598062953995157,0.3030690537084399,0.6524818401937046,0.7953995157384988,0.851089588377724,0.840153452685422,0.5084745762711864,0.2675544794188862,0.28087167070217917,0.29055690072639223,0.0
126,0.3351063829787234,0.9467312348668281,0.2845036319612591,0.6622276029055689,0.30051150895140666,0.6512106537530267,0.7929782082324455,0.8498789346246973,0.8375959079283887,0.5084745762711864,0.2650726392251816,0.2784503631961259,0.28934624697336564,0.0
127,0.3377659574468085,0.9467312348668281,0.2784503631961259,0.6682808716707022,0.29411764705882354,0.6452179176755447,0.789951573849879,0.848728813559322,0.8343989769820973,0.5115012106537531,0.2602905569007264,0.27602905569007263,0.28692493946731235,0.0
128,0.3404255319148936,0.9467312348668281,0.27602905569007263,0.6707021791767555,0.2915601023017903,0.6440072639225182,0.788135593220339,0.848728813559322,0.8324808184143223,0.5121065375302664,0.25786924939467315,0.2736077481840194,0.2857142857142857,0.0
129,0.34308510638297873,0.9467312348668281,0.27239709443099275,0.6743341404358354,0.2877237851662404,0.6415859564164649,0.7851089588377724,0.8475181598062953,0.8292838874680307,0.5127118644067796,0.25544794188861986,0.2711864406779661,0.28329297820823246,0.0
130,0.34574468085106386,0.9467312348668281,0.26634382566585957,0.6803874092009685,0.2813299232736573,0.640314769975787,0.7820823244552058,0.8463075060532687,0.826086956521739,0.5157384987893462,0.25302663438256656,0.26997578692493945,0.28087167070217917,0.0
131,0.3484042553191489,0.9467312348668281,0.2566585956416465,0.6900726392251816,0.2710997442455243,0.6368038740920097,0.7808716707021792,0.8462469733656174,0.8248081841432225,0.5242130750605327,0.2506053268765133,0.26634382566585957,0.2784503631961259,0.0
132,0.35106382978723405,0.9467312348668281,0.2566585956416465,0.6900726392251816,0.2710997442455243,0.636682808716707,0.7796610169491526,0.8450968523002421,0.823529411764706,0.5230024213075061,0.2469733656174334,0.2639225181598063,0.27602905569007263,0.0
133,0.3537234042553192,0.9467312348668281,0.2542372881355932,0.6924939467312349,0.26854219948849106,0.6306900726392252,0.7760290556900726,0.8438861985472155,0.819693094629156,0.5217917675544794,0.24455205811138014,0.2608958837772397,0.2736077481840194,0.0
134,0.35638297872340424,0.9467312348668281,0.2542372881355932,0.6924939467312349,0.26854219948849106,0.6306295399515739,0.7736077481840193,0.8438256658595642,0.8171355498721228,0.5193704600484261,0.24213075060532688,0.25907990314769974,0.2711864406779661,0.0
135,0.35904255319148937,0.9467312348668281,0.25302663438256656,0.6937046004842615,0.2672634271099744,0.6306295399515739,0.7723970944309927,0.8426150121065376,0.8158567774936061,0.5193704600484261,0.2397094430992736,0.25544794188861986,0.2687651331719128,0.0
136,0.3617021276595745,0.9467312348668281,0.25302663438256656,0.6937046004842615,0.2672634271099744,0.6294794188861985,0.7717917675544794,0.8414043583535109,0.8152173913043478,0.5187651331719129,0.23486682808716708,0.25302663438256656,0.26634382566585957,0.0
137,0.36436170212765956,0.9467312348668281,0.25181598062953997,0.6949152542372881,0.2659846547314578,0.6271186440677966,0.7687651331719129,0.8390435835351089,0.8120204603580563,0.5169491525423728,0.23123486682808717,0.2506053268765133,0.2639225181598063,0.0
138,0.3670212765957447,0.9467312348668281,0.24939467312348668,0.6973365617433414,0.26342710997442453,0.6270581113801452,0.7669491525423728,0.837772397094431,0.8101023017902813,0.5175544794188862,0.2288135593220339,0.2469733656174334,0.2627118644067797,0.0
139,0.3696808510638298,0.9467312348668281,0.24213075060532688,0.7046004842615012,0.2557544757033248,0.62590799031477,0.7663438256658596,0.8365617433414043,0.809462915601023,0.5242130750605327,0.22639225181598063,0.24334140435835352,0.25907990314769974,0.0
140,0.3723404255319149,0.9467312348668281,0.24213075060532688,0.7046004842615012,0.2557544757033248,0.6234261501210654,0.7639225181598063,0.8353510895883777,0.8069053708439897,0.5217917675544794,0.22397094430992737,0.24092009685230023,0.2566585956416465,0.0
141,0.375,0.9467312348668281,0.24092009685230023,0.7058111380145279,0.2544757033248082,0.6198547215496368,0.7608958837772397,0.8353510895883777,0.8037084398976982,0.5199757869249395,0.2215496368038741,0.23728813559322035,0.25302663438256656,0.0
142,0.3776595744680851,0.9467312348668281,0.24092009685230023,0.7058111380145279,0.2544757033248082,0.6185230024213075,0.7596852300242132,0.8329903147699758,0.8024296675191817,0.518765133171913,0.21912832929782083,0.23365617433414043,0.2506053268765133,0.0
143,0.3803191489361702,0.9467312348668281,0.24092009685230023,0.7058111380145279,0.2544757033248082,0.6161016949152542,0.7584745762711864,0.8317796610169491,0.801150895140665,0.5175544794188862,0.21670702179176757,0.23123486682808717,0.24824455205811133,0.0
144,0.3829787234042553,0.9467312348668281,0.2397094430992736,0.7070217917675545,0.2531969309462916,0.6149515738498789,0.7566585956416465,0.8305084745762712,0.7992327365728901,0.5169491525423728,0.21307506053268765,0.22760290556900725,0.2457627118644068,0.0
145,0.38563829787234044,0.9467312348668281,0.2360774818401937,0.7106537530266344,0.24936061381074168,0.6101694915254238,0.7548426150121066,0.8292978208232445,0.7973145780051152,0.5187651331719129,0.2106537530266344,0.22397094430992737,0.24213075060532688,0.0
146,0.3882978723404255,0.9467312348668281,0.2324455205811138,0.7142857142857143,0.24552429667519182,0.6101089588377724,0.7518159806295399,0.8281476997578692,0.7941176470588235,0.5193704600484261,0.20823244552058112,0.2215496368038741,0.23849878934624696,0.0
147,0.39095744680851063,0.9467312348668281,0.22639225181598063,0.7203389830508474,0.2391304347826087,0.6099878934624697,0.7512106537530265,0.8268765133171913,0.7934782608695651,0.5248184019370459,0.20575060532687653,0.2179176755447942,0.2360774818401937,0.0
148,0.39361702127659576,0.9467312348668281,0.21428571428571427,0.7324455205811138,0.22634271099744244,0.6039951573849879,0.7487893462469735,0.8244552058111381,0.7909207161125321,0.5345036319612592,0.20217917675544794,0.21428571428571427,0.23123486682808717,0.0
149,0.3962765957446808,0.9467312348668281,0.21307506053268765,0.7336561743341404,0.22506393861892585,0.6027845036319612,0.7469733656174334,0.8244552058111381,0.789002557544757,0.5338983050847458,0.2009685230024213,0.2106537530266344,0.22760290556900725,0.0
150,0.39893617021276595,0.9467312348668281,0.2106537530266344,0.7360774818401937,0.22250639386189258,0.5992736077481841,0.7415254237288136,0.8232445520581114,0.7832480818414322,0.5308716707021792,0.19854721549636803,0.20702179176755447,0.22397094430992737,0.0
151,0.4015957446808511,0.9467312348668281,0.20823244552058112,0.7384987893462469,0.21994884910485935,0.598002421307506,0.7403147699757868,0.8220338983050848,0.7819693094629155,0.5320823244552058,0.19854721549636803,0.2033898305084746,0.21912832929782083,0.0
152,0.40425531914893614,0.9467312348668281,0.20702179176755447,0.7397094430992737,0.2186700767263427,0.598002421307506,0.738498789346247,0.8208232445520581,0.7800511508951408,0.5314769975786926,0.19612590799031476,0.2009685230024213,0.21428571428571427,0.0
153,0.40691489361702127,0.9467312348668281,0.19612590799031476,0.7506053268765134,0.20716112531969308,0.5956416464891041,0.7378934624697338,0.8196125907990315,0.7794117647058825,0.5417675544794189,0.19612590799031476,0.19854721549636803,0.20702179176755447,0.0
154,0.4095744680851064,0.9467312348668281,0.19612590799031476,0.7506053268765134,0.20716112531969308,0.5920096852300242,0.7360774818401937,0.8196125907990315,0.7774936061381075,0.539951573849879,0.19612590799031476,0.19612590799031476,0.19612590799031476,0.0
155,0.4122340425531915,0.9467312348668281,0.19491525423728814,0.7518159806295399,0.2058823529411765,0.589588377723971,0.7348668280871671,0.8172518159806295,0.7762148337595908,0.5399515738498789,0.1900726392251816,0.19491525423728814,0.19612590799031476,0.0
156,0.4148936170212766,0.9467312348668281,0.19491525423728814,0.7518159806295399,0.2058823529411765,0.5883777239709443,0.7312348668280871,0.8172518159806295,0.7723785166240409,0.536319612590799,0.1864406779661017,0.1937046004842615,0.19612590799031476,0.0
157,0.4175531914893617,0.9467312348668281,0.19491525423728814,0.7518159806295399,0.2058823529411765,0.5871065375302663,0.7306295399515739,0.8148305084745762,0.7717391304347826,0.5357142857142857,0.18401937046004843,0.19249394673123488,0.19612590799031476,0.0
158,0.42021276595744683,0.9467312348668281,0.1937046004842615,0.7530266343825666,0.20460358056265984,0.585956416464891,0.7300242130750605,0.8147699757869249,0.7710997442455243,0.536319612590799,0.18153753026634384,0.19128329297820823,0.19491525423728814,0.0
159,0.4228723404255319,0.9467312348668281,0.19249394673123488,0.7542372881355932,0.20332480818414322,0.5835351089588378,0.7282082324455206,0.8123486682808717,0.7691815856777493,0.5357142857142857,0.1791767554479419,0.18886198547215496,0.1937046004842615,0.0
160,0.425531914893617,0.9467312348668281,0.19128329297820823,0.7554479418886199,0.2020460358056266,0.5822639225181597,0.725181598062954,0.8111985472154963,0.7659846547314578,0.5338983050847458,0.17675544794188863,0.1864406779661017,0.19249394673123488,0.0
161,0.42819148936170215,0.9467312348668281,0.18523002421307505,0.7615012106537531,0.19565217391304346,0.5822639225181597,0.725181598062954,0.8099878934624697,0.7659846547314578,0.539951573849879,0.17433414043583534,0.18523002421307505,0.19249394673123488,0.0
162,0.4308510638297872,0.9467312348668281,0.18523002421307505,0.7615012106537531,0.19565217391304346,0.5811138014527845,0.7215496368038741,0.8099273607748184,0.7621483375959079,0.536319612590799,0.17191283292978207,0.18401937046004843,0.1900726392251816,0.0
163,0.43351063829787234,0.9467312348668281,0.18401937046004843,0.7627118644067796,0.19437340153452687,0.5797215496368038,0.7209443099273607,0.8075060532687651,0.7615089514066495,0.5369249394673122,0.17070217917675545,0.18159806295399517,0.18892251815980624,0.0
164,0.43617021276595747,0.9467312348668281,0.18280871670702178,0.7639225181598063,0.19309462915601022,0.5785108958837772,0.7185230024213075,0.8052058111380144,0.7589514066496164,0.5357142857142857,0.1682808716707022,0.18038740920096852,0.18765133171912832,0.0
165,0.43882978723404253,0.9467312348668281,0.18038740920096852,0.7663438256658596,0.19053708439897699,0.5750605326876513,0.715496368038741,0.8050847457627118,0.7557544757033249,0.5351089588377724,0.1670096852300242,0.17796610169491525,0.1864406779661017,0.0
166,0.44148936170212766,0.9467312348668281,0.17796610169491525,0.7687651331719129,0.18797953964194372,0.5737893462469733,0.7106537530266344,0.8026634382566586,0.7506393861892583,0.5326876513317191,0.16464891041162227,0.17675544794188863,0.1864406779661017,0.0
167,0.4441489361702128,0.9467312348668281,0.17433414043583534,0.7723970944309928,0.18414322250639384,0.5690072639225182,0.7076271186440678,0.8003026634382566,0.7474424552429667,0.5332929782082325,0.16101694915254236,0.17433414043583534,0.18523002421307505,0.0
168,0.44680851063829785,0.9467312348668281,0.17191283292978207,0.774818401937046,0.1815856777493606,0.5689467312348668,0.7039951573849879,0.7990314769975787,0.7436061381074168,0.5320823244552058,0.15980629539951574,0.17312348668280872,0.18280871670702178,0.0
169,0.449468085106383,0.9467312348668281,0.17191283292978207,0.774818401937046,0.1815856777493606,0.5653147699757869,0.700363196125908,0.7978208232445521,0.739769820971867,0.5284503631961259,0.1585956416464891,0.17191283292978207,0.18159806295399517,0.0
170,0.4521276595744681,0.9467312348668281,0.1694915254237288,0.7772397094430993,0.17902813299232737,0.564043583535109,0.6979418886198547,0.7966707021791767,0.7372122762148338,0.5284503631961259,0.15617433414043583,0.1694915254237288,0.18038740920096852,0.0
171,0.45478723404255317,0.9467312348668281,0.15980629539951574,0.7869249394673123,0.16879795396419436,0.5605326876513317,0.6973365617433414,0.7953995157384988,0.7365728900255754,0.5375302663438256,0.1549636803874092,0.1682808716707022,0.1791767554479419,0.0
172,0.4574468085106383,0.9467312348668281,0.1585956416464891,0.788135593220339,0.16751918158567775,0.5592009685230024,0.6967312348668281,0.7941888619854721,0.7359335038363172,0.538135593220339,0.15254237288135594,0.16585956416464892,0.17796610169491525,0.0
173,0.4601063829787234,0.9467312348668281,0.1585956416464891,0.788135593220339,0.16751918158567775,0.5556900726392252,0.6961259079903148,0.7930387409200967,0.7352941176470589,0.5375302663438257,0.1513317191283293,0.16464891041162227,0.17554479418886199,0.0
174,0.4627659574468085,0.9467312348668281,0.15617433414043583,0.7905569007263923,0.16496163682864448,0.5532082324455205,0.6937046004842615,0.7917675544794189,0.7327365728900256,0.5375302663438257,0.14891041162227603,0.162227602905569,0.17433414043583534,0.0
175,0.4654255319148936,0.9467312348668281,0.1549636803874092,0.7917675544794189,0.1636828644501279,0.5495762711864406,0.6924939467312349,0.7917675544794189,0.731457800511509,0.5375302663438257,0.14763922518159805,0.16101694915254236,0.17312348668280872,0.0
176,0.46808510638297873,0.9467312348668281,0.1549636803874092,0.7917675544794189,0.1636828644501279,0.5494552058111379,0.6894673123486683,0.7894067796610169,0.7282608695652174,0.534503631961259,0.14527845036319612,0.15980629539951574,0.17191283292978207,0.0
177,0.47074468085106386,0.9467312348668281,0.1549636803874092,0.7917675544794189,0.1636828644501279,0.5447941888619855,0.687046004842615,0.7893462469733656,0.7257033248081841,0.5320823244552058,0.14164648910411623,0.1585956416464891,0.17070217917675545,0.0
178,0.4734042553191489,0.9467312348668281,0.15254237288135594,0.7941888619854721,0.16112531969309463,0.5435835351089588,0.6864406779661016,0.7869249394673123,0.7250639386189258,0.5338983050847457,0.13801452784503632,0.15617433414043583,0.1682808716707022,0.0
179,0.47606382978723405,0.9467312348668281,0.14891041162227603,0.7978208232445521,0.15728900255754474,0.5423123486682808,0.6846246973365617,0.7869249394673123,0.7231457800511509,0.5357142857142857,0.13553268765133172,0.1549636803874092,0.16707021791767554,0.0
180,0.4787234042553192,0.9467312348668281,0.14769975786924938,0.7990314769975787,0.15601023017902813,0.5386198547215496,0.6828087167070218,0.7869249394673123,0.7212276214833759,0.5351089588377724,0.13317191283292978,0.15254237288135594,0.16585956416464892,0.0
181,0.48138297872340424,0.9467312348668281,0.13801452784503632,0.8087167070217918,0.14578005115089515,0.5338983050847458,0.6791767554479419,0.7846246973365616,0.717391304347826,0.5411622276029056,0.12953995157384987,0.1513317191283293,0.16464891041162227,0.0
182,0.48404255319148937,0.9467312348668281,0.13317191283292978,0.8135593220338984,0.14066496163682865,0.5325665859564165,0.6779661016949152,0.782142857142857,0.7161125319693095,0.5447941888619854,0.12953995157384987,0.14891041162227603,0.16343825665859565,0.0
183,0.4867021276595745,0.9467312348668281,0.13196125907990314,0.8147699757869249,0.139386189258312,0.5289951573849878,0.6749394673123487,0.7809322033898305,0.7129156010230179,0.5429782082324455,0.12705811138014528,0.14648910411622276,0.16101694915254236,0.0
184,0.48936170212765956,0.9467312348668281,0.1234866828087167,0.8232445520581114,0.13043478260869565,0.5277845036319612,0.6743341404358354,0.7808716707021792,0.7122762148337597,0.5508474576271187,0.1234866828087167,0.14527845036319612,0.15980629539951574,0.0
185,0.4920212765957447,0.9467312348668281,0.1234866828087167,0.8232445520581114,0.13043478260869565,0.525363196125908,0.6707021791767555,0.7797215496368038,0.7084398976982097,0.5472154963680388,0.12106537530266344,0.14285714285714285,0.1585956416464891,0.0
186,0.4946808510638298,0.9467312348668281,0.1234866828087167,0.8232445520581114,0.13043478260869565,0.521731234866828,0.6694915254237288,0.7796610169491526,0.7071611253196931,0.5460048426150121,0.11743341404358354,0.14043583535108958,0.1562348668280871,0.0
187,0.4973404255319149,0.9467312348668281,0.10653753026634383,0.8401937046004843,0.11253196930946292,0.5193099273607747,0.6670702179176755,0.7772397094430993,0.7046035805626598,0.5605326876513317,0.11501210653753027,0.13801452784503632,0.1549636803874092,0.0
188,0.5,0.9467312348668281,0.1016949152542373,0.8450363196125907,0.10741687979539642,0.5132566585956416,0.6640435835351091,0.7748789346246973,0.7014066496163684,0.5623486682808718,0.11131961259079903,0.1368038740920097,0.15254237288135594,0.0
189,0.5026595744680851,0.9467312348668281,0.1016949152542373,0.8450363196125907,0.10741687979539642,0.5108958837772397,0.6616222760290558,0.7723970944309927,0.6988491048593352,0.5599273607748185,0.11016949152542373,0.1343825665859564,0.1513317191283293,0.0
190,0.5053191489361702,0.9467312348668281,0.1016949152542373,0.8450363196125907,0.10741687979539642,0.508414043583535,0.6592009685230025,0.7723970944309927,0.6962915601023019,0.5575060532687652,0.1089588377723971,0.13196125907990314,0.15012106537530268,0.0
191,0.5079787234042553,0.9467312348668281,0.1016949152542373,0.8450363196125907,0.10741687979539642,0.5047820823244552,0.6573849878934624,0.7723970944309927,0.6943734015345269,0.5556900726392251,0.10653753026634383,0.12953995157384987,0.14776029055690065,0.0
192,0.5106382978723404,0.9467312348668281,0.1016949152542373,0.8450363196125907,0.10741687979539642,0.5024213075060533,0.6537530266343826,0.7711864406779662,0.690537084398977,0.5520581113801453,0.10411622276029056,0.1271186440677966,0.14654963680387403,0.0
193,0.5132978723404256,0.9467312348668281,0.09200968523002422,0.8547215496368039,0.09718670076726343,0.5011501210653753,0.6531476997578693,0.7700363196125908,0.6898976982097188,0.5611380145278452,0.10290556900726393,0.12469733656174334,0.14412832929782077,0.0
194,0.5159574468085106,0.9467312348668281,0.09079903147699758,0.8559322033898304,0.0959079283887468,0.49987893462469735,0.650726392251816,0.7687651331719129,0.6873401534526855,0.5599273607748185,0.09927360774818401,0.1234866828087167,0.14164648910411623,0.0
195,0.5186170212765957,0.9467312348668281,0.09079903147699758,0.8559322033898304,0.0959079283887468,0.4963680387409201,0.6464891041162227,0.7664043583535108,0.6828644501278772,0.5556900726392251,0.09806295399515738,0.12106537530266344,0.13922518159806296,0.0
196,0.5212765957446809,0.9467312348668281,0.08837772397094432,0.8583535108958837,0.09335038363171357,0.4939467312348668,0.6428571428571429,0.7651937046004842,0.6790281329923274,0.5544794188861986,0.09685230024213075,0.11864406779661017,0.13801452784503632,0.0
197,0.523936170212766,0.9467312348668281,0.0847457627118644,0.8619854721549637,0.08951406649616368,0.4902542372881356,0.6398305084745763,0.7639225181598063,0.6758312020460359,0.5550847457627119,0.09443099273607748,0.1162227602905569,0.13559322033898305,0.0
198,0.526595744680851,0.9467312348668281,0.0847457627118644,0.8619854721549637,0.08951406649616368,0.4866222760290557,0.6349878934624698,0.7627723970944309,0.6707161125319693,0.5502421307506054,0.09200968523002422,0.11380145278450363,0.13196125907990314,0.0
199,0.5292553191489362,0.9467312348668281,0.0847457627118644,0.8619854721549637,0.08951406649616368,0.48535108958837775,0.6283292978208233,0.7615617433414043,0.6636828644501279,0.5435835351089588,0.09079903147699758,0.11138014527845036,0.13075060532687652,0.0
200,0.5319148936170213,0.9467312348668281,0.07990314769975787,0.8668280871670702,0.08439897698209718,0.4817191283292978,0.6253026634382566,0.7603510895883777,0.6604859335038362,0.5453995157384988,0.08958837772397095,0.1089588377723971,0.12832929782082325,0.0
201,0.5345744680851063,0.9467312348668281,0.07990314769975787,0.8668280871670702,0.08439897698209718,0.4793583535108959,0.6228813559322034,0.7590799031476998,0.657928388746803,0.5429782082324455,0.08837772397094432,0.10653753026634383,0.12590799031476999,0.0
202,0.5372340425531915,0.9467312348668281,0.07990314769975787,0.8668280871670702,0.08439897698209718,0.47814769975786925,0.6210653753026635,0.7579297820823244,0.6560102301790282,0.5411622276029056,0.08595641646489104,0.10411622276029056,0.12233656174334134,0.0
203,0.5398936170212766,0.9467312348668281,0.07990314769975787,0.8668280871670702,0.08439897698209718,0.4769370460048426,0.6180387409200969,0.7542978208232445,0.6528132992327367,0.5381355932203391,0.08226392251815981,0.1016949152542373,0.12106537530266344,0.0
204,0.5425531914893617,0.9467312348668281,0.07990314769975787,0.8668280871670702,0.08439897698209718,0.4768765133171913,0.6162227602905569,0.7518159806295399,0.6508951406649617,0.536319612590799,0.0811138014527845,0.09927360774818401,0.11864406779661017,0.0
205,0.5452127659574468,0.9467312348668281,0.07990314769975787,0.8668280871670702,0.08439897698209718,0.4733050847457627,0.6138014527845036,0.7518159806295399,0.6483375959079284,0.5338983050847457,0.07990314769975787,0.09685230024213075,0.1162227602905569,0.0
206,0.5478723404255319,0.9467312348668281,0.07990314769975787,0.8668280871670702,0.08439897698209718,0.47209443099273607,0.610774818401937,0.7493946731234867,0.6451406649616368,0.5308716707021792,0.0774818401937046,0.09443099273607748,0.11380145278450363,0.0
207,0.550531914893617,0.9467312348668281,0.07990314769975787,0.8668280871670702,0.08439897698209718,0.46973365617433416,0.6083535108958837,0.7482445520581114,0.6425831202046035,0.5284503631961259,0.07627118644067797,0.09200968523002422,0.11138014527845036,0.0
208,0.5531914893617021,0.9467312348668281,0.07990314769975787,0.8668280871670702,0.08439897698209718,0.46731234866828086,0.6065375302663438,0.7469733656174334,0.6406649616368286,0.526634382566586,0.07506053268765134,0.08898305084745764,0.10780871670702173,0.0
209,0.5558510638297872,0.9467312348668281,0.0774818401937046,0.8692493946731235,0.08184143222506395,0.4661016949152542,0.6041162227602905,0.7457627118644068,0.6381074168797953,0.5266343825665859,0.07384987893462469,0.08716707021791767,0.1053268765133172,0.0
210,0.5585106382978723,0.9467312348668281,0.0774818401937046,0.8692493946731235,0.08184143222506395,0.4648305084745763,0.6023002421307506,0.7457627118644068,0.6361892583120204,0.524818401937046,0.07263922518159806,0.0847457627118644,0.10411622276029056,0.0
211,0.5611702127659575,0.9467312348668281,0.0774818401937046,0.8692493946731235,0.08184143222506395,0.462409200968523,0.5980629539951574,0.7421307506053268,0.6317135549872123,0.5205811138014528,0.07257869249394673,0.08353510895883777,0.09933414043583529,0.0
212,0.5638297872340425,0.9467312348668281,0.0774818401937046,0.8692493946731235,0.08184143222506395,0.45998789346246977,0.5956416464891041,0.7409200968523002,0.629156010230179,0.5181598062953995,0.07021791767554479,0.0811138014527845,0.09685230024213075,0.0
213,0.5664893617021277,0.9467312348668281,0.0774818401937046,0.8692493946731235,0.08184143222506395,0.45756658595641647,0.5938256658595642,0.7397699757869248,0.6272378516624041,0.5163438256658596,0.07021791767554479,0.07869249394673124,0.09328087167070212,0.0
214,0.5691489361702128,0.9467312348668281,0.0774818401937046,0.8692493946731235,0.08184143222506395,0.4563559322033898,0.5901937046004843,0.7397094430992736,0.6234015345268542,0.5127118644067796,0.06779661016949153,0.07627118644067797,0.08964891041162222,0.0
215,0.5718085106382979,0.9467312348668281,0.0774818401937046,0.8692493946731235,0.08184143222506395,0.4515738498789346,0.5889830508474576,0.7372881355932204,0.6221227621483376,0.511501210653753,0.06779661016949153,0.07506053268765134,0.08716707021791767,0.0
216,0.574468085106383,0.9467312348668281,0.07506053268765134,0.8716707021791767,0.0792838874680307,0.4515133171912833,0.5871670702179177,0.7348668280871671,0.6202046035805627,0.5121065375302664,0.06779661016949153,0.07263922518159806,0.08353510895883777,0.0
217,0.5771276595744681,0.9467312348668281,0.07506053268765134,0.8716707021791767,0.0792838874680307,0.45030266343825665,0.5871670702179177,0.7348668280871671,0.6202046035805627,0.5121065375302664,0.06779661016949153,0.07021791767554479,0.07990314769975787,0.0
218,0.5797872340425532,0.9467312348668281,0.06779661016949153,0.8789346246973365,0.07161125319693094,0.44794188861985473,0.5835351089588378,0.7312953995157384,0.6163682864450127,0.5157384987893462,0.06779661016949153,0.06779661016949153,0.07627118644067797,0.0
219,0.5824468085106383,0.9467312348668281,0.06779661016949153,0.8789346246973365,0.07161125319693094,0.44661016949152543,0.5799031476997578,0.7312348668280871,0.6125319693094629,0.5121065375302662,0.06779661016949153,0.06779661016949153,0.06779661016949153,0.0
220,0.5851063829787234,0.9467312348668281,0.06779661016949153,0.8789346246973365,0.07161125319693094,0.44424939467312347,0.576271186440678,0.7312348668280871,0.6086956521739131,0.5084745762711864,0.05811138014527845,0.06779661016949153,0.06779661016949153,0.0
221,0.5877659574468085,0.9467312348668281,0.06658595641646489,0.8801452784503632,0.07033248081841433,0.4418280871670702,0.572639225181598,0.7288740920096851,0.6048593350383632,0.5060532687651331,0.05690072639225181,0.06658595641646489,0.06779661016949153,0.0
222,0.5904255319148937,0.9467312348668281,0.06658595641646489,0.8801452784503632,0.07033248081841433,0.4406174334140436,0.5702179176755449,0.7253026634382566,0.60230179028133,0.5036319612590799,0.053268765133171914,0.06658595641646489,0.06779661016949153,0.0
223,0.5930851063829787,0.9467312348668281,0.06295399515738499,0.8837772397094431,0.06649616368286446,0.4369854721549637,0.5677966101694916,0.7240314769975786,0.5997442455242967,0.5048426150121066,0.04600484261501211,0.06537530266343826,0.06779661016949153,0.0
224,0.5957446808510638,0.9467312348668281,0.06295399515738499,0.8837772397094431,0.06649616368286446,0.43099273607748184,0.5641646489104116,0.72046004842615,0.5959079283887468,0.5012106537530266,0.0423728813559322,0.06416464891041163,0.06779661016949153,0.0
225,0.598404255319149,0.9467312348668281,0.06295399515738499,0.8837772397094431,0.06649616368286446,0.42857142857142855,0.5623486682808716,0.719188861985472,0.5939897698209718,0.4993946731234866,0.04116222760290557,0.06416464891041163,0.06779661016949153,0.0
226,0.601063829787234,0.9467312348668281,0.06295399515738499,0.8837772397094431,0.06649616368286446,0.4272397094430993,0.5617433414043583,0.719188861985472,0.5933503836317136,0.49878934624697335,0.04116222760290557,0.06295399515738499,0.06779661016949153,0.0
227,0.6037234042553191,0.9467312348668281,0.06295399515738499,0.8837772397094431,0.06649616368286446,0.423728813559322,0.5581113801452785,0.7144067796610168,0.5895140664961638,0.4951573849878935,0.039951573849878935,0.06174334140435835,0.06658595641646489,0.0
228,0.6063829787234043,0.9467312348668281,0.06174334140435835,0.8849878934624698,0.06521739130434782,0.4176150121065375,0.5569007263922519,0.7132566585956415,0.5882352941176471,0.4951573849878935,0.039951573849878935,0.06053268765133172,0.06658595641646489,0.0
229,0.6090425531914894,0.9467312348668281,0.06174334140435835,0.8849878934624698,0.06521739130434782,0.4152542372881356,0.5526634382566586,0.7131961259079902,0.5837595907928389,0.4909200968523003,0.03753026634382567,0.059322033898305086,0.06543583535108953,0.0
230,0.6117021276595744,0.9467312348668281,0.06174334140435835,0.8849878934624698,0.06521739130434782,0.41404358353510895,0.5484261501210653,0.7082929782082323,0.5792838874680306,0.486682808716707,0.03631961259079903,0.05811138014527845,0.06537530266343826,0.0
231,0.6143617021276596,0.9467312348668281,0.06174334140435835,0.8849878934624698,0.06521739130434782,0.4116222760290557,0.5472154963680387,0.7059322033898304,0.578005115089514,0.48547215496368035,0.03504842615012107,0.05690072639225181,0.06537530266343826,0.0
232,0.6170212765957447,0.9467312348668281,0.06174334140435835,0.8849878934624698,0.06521739130434782,0.41035108958837774,0.5429782082324455,0.7059322033898304,0.5735294117647058,0.48123486682808714,0.033837772397094436,0.05569007263922518,0.06416464891041163,0.0
233,0.6196808510638298,0.9467312348668281,0.06174334140435835,0.8849878934624698,0.06521739130434782,0.40799031476997577,0.5393462469733656,0.7058111380145279,0.5696930946291561,0.4776029055690073,0.031476997578692496,0.05447941888619855,0.06416464891041163,0.0
234,0.6223404255319149,0.9467312348668281,0.06174334140435835,0.8849878934624698,0.06521739130434782,0.40799031476997577,0.5369249394673123,0.7058111380145279,0.5671355498721228,0.475181598062954,0.029055690072639227,0.053268765133171914,0.06416464891041163,0.0
235,0.625,0.9467312348668281,0.06174334140435835,0.8849878934624698,0.06521739130434782,0.4030871670702179,0.5326876513317191,0.7058111380145279,0.5626598465473146,0.4709443099273608,0.02784503631961259,0.05205811138014528,0.06416464891041163,0.0
236,0.6276595744680851,0.9467312348668281,0.06053268765133172,0.8861985472154964,0.0639386189258312,0.40187651331719126,0.5302663438256658,0.7046610169491525,0.5601023017902813,0.4697336561743341,0.026634382566585957,0.05084745762711865,0.06301452784503626,0.0
237,0.6303191489361702,0.9467312348668281,0.059322033898305086,0.887409200968523,0.06265984654731457,0.3993946731234867,0.5272397094430992,0.7021791767554479,0.5569053708439896,0.4679176755447941,0.026634382566585957,0.05084745762711865,0.06295399515738499,0.0
238,0.6329787234042553,0.9467312348668281,0.05569007263922518,0.8910411622276029,0.058823529411764705,0.39703389830508473,0.5254237288135594,0.6997578692493946,0.5549872122762148,0.46973365617433416,0.025363196125907997,0.04963680387409201,0.06295399515738499,0.0
239,0.6356382978723404,0.9467312348668281,0.05447941888619855,0.8922518159806295,0.05754475703324808,0.39340193704600485,0.5230024213075061,0.6974576271186439,0.5524296675191817,0.4685230024213075,0.025363196125907997,0.04721549636803874,0.06180387409200963,0.0
240,0.6382978723404256,0.9467312348668281,0.05447941888619855,0.8922518159806295,0.05754475703324808,0.3921912832929782,0.5217917675544794,0.6961259079903148,0.551150895140665,0.46731234866828086,0.024213075060532687,0.046610169491525424,0.06174334140435835,0.0
241,0.6409574468085106,0.9467312348668281,0.05447941888619855,0.8922518159806295,0.05754475703324808,0.38976997578692496,0.5193704600484261,0.6949152542372882,0.5485933503836317,0.46489104116222757,0.024213075060532687,0.044794188861985475,0.06053268765133172,0.0
242,0.6436170212765957,0.9467312348668281,0.05447941888619855,0.8922518159806295,0.05754475703324808,0.3885593220338983,0.5157384987893463,0.6937651331719128,0.5447570332480819,0.46125907990314774,0.024213075060532687,0.043583535108958835,0.059322033898305086,0.0
243,0.6462765957446809,0.9467312348668281,0.05447941888619855,0.8922518159806295,0.05754475703324808,0.387227602905569,0.5127118644067796,0.6912832929782082,0.5415601023017902,0.45823244552058107,0.023002421307506054,0.043583535108958835,0.059322033898305086,0.0
244,0.648936170212766,0.9467312348668281,0.05205811138014528,0.8946731234866828,0.054987212276214836,0.38256658595641646,0.5108958837772397,0.6888619854721549,0.5396419437340153,0.45883777239709445,0.022941888619854727,0.0423728813559322,0.059322033898305086,0.0
245,0.651595744680851,0.9467312348668281,0.05205811138014528,0.8946731234866828,0.054987212276214836,0.38123486682808716,0.5084745762711864,0.6877118644067796,0.5370843989769821,0.45641646489104115,0.021791767554479417,0.04116222760290557,0.05811138014527845,0.0
246,0.6542553191489362,0.9467312348668281,0.05205811138014528,0.8946731234866828,0.054987212276214836,0.3789346246973366,0.5066585956416465,0.6876513317191283,0.5351662404092071,0.45460048426150124,0.021791767554479417,0.039951573849878935,0.05811138014527845,0.0
247,0.6569148936170213,0.9467312348668281,0.05205811138014528,0.8946731234866828,0.054987212276214836,0.3788135593220339,0.5054479418886199,0.684140435835351,0.5338874680306905,0.4533898305084746,0.020581113801452784,0.0387409200968523,0.05690072639225181,0.0
248,0.6595744680851063,0.9467312348668281,0.05205811138014528,0.8946731234866828,0.054987212276214836,0.3728813559322034,0.5036319612590799,0.6840193704600485,0.5319693094629157,0.4515738498789347,0.020581113801452784,0.03753026634382567,0.05690072639225181,0.0
249,0.6622340425531915,0.9467312348668281,0.05084745762711865,0.8958837772397095,0.05370843989769821,0.3704600484261501,0.5018159806295399,0.6828087167070218,0.5300511508951407,0.4509685230024213,0.020581113801452784,0.03753026634382567,0.05569007263922518,0.0
250,0.6648936170212766,0.9467312348668281,0.04963680387409201,0.8970944309927361,0.052429667519181586,0.3668280871670702,0.49697336561743344,0.6815980629539952,0.5249360613810742,0.4473365617433414,0.020520581113801457,0.03631961259079903,0.05569007263922518,0.0
251,0.6675531914893617,0.9467312348668281,0.04963680387409201,0.8970944309927361,0.052429667519181586,0.36561743341404357,0.49455205811138014,0.6804479418886198,0.5223785166240409,0.4449152542372881,0.01937046004842615,0.03631961259079903,0.05447941888619855,0.0
252,0.6702127659574468,0.9467312348668281,0.04963680387409201,0.8970944309927361,0.052429667519181586,0.36192493946731236,0.4927360774818402,0.6768159806295398,0.520460358056266,0.44309927360774815,0.019309927360774824,0.035108958837772396,0.053268765133171914,0.0
253,0.6728723404255319,0.9467312348668281,0.04963680387409201,0.8970944309927361,0.052429667519181586,0.35950363196125906,0.48849878934624696,0.6767554479418886,0.5159846547314578,0.43886198547215494,0.018159806295399514,0.03389830508474576,0.053268765133171914,0.0
254,0.675531914893617,0.9467312348668281,0.03631961259079903,0.910411622276029,0.038363171355498715,0.3559322033898305,0.48426150121065376,0.6755447941888619,0.5115089514066496,0.44794188861985473,0.018159806295399514,0.03268765133171913,0.053268765133171914,0.0
255,0.6781914893617021,0.9467312348668281,0.03631961259079903,0.910411622276029,0.038363171355498715,0.35326876513317196,0.48184019370460046,0.6743946731234867,0.5089514066496164,0.44552058111380144,0.018159806295399514,0.03268765133171913,0.05205811138014528,0.0
256,0.6808510638297872,0.9467312348668281,0.035108958837772396,0.9116222760290557,0.0370843989769821,0.35211864406779664,0.4794188861985472,0.6707627118644067,0.5063938618925832,0.44430992736077485,0.018159806295399514,0.031476997578692496,0.05084745762711865,0.0
257,0.6835106382978723,0.9467312348668281,0.035108958837772396,0.9116222760290557,0.0370843989769821,0.3474576271186441,0.47639225181598066,0.667191283292978,0.5031969309462916,0.4412832929782083,0.01694915254237288,0.031476997578692496,0.04963680387409201,0.0
258,0.6861702127659575,0.9467312348668281,0.035108958837772396,0.9116222760290557,0.0370843989769821,0.3461864406779661,0.4727602905569007,0.6659200968523001,0.4993606138107417,0.43765133171912834,0.01694915254237288,0.03026634382566586,0.04963680387409201,0.0
259,0.6888297872340425,0.9467312348668281,0.03389830508474576,0.9128329297820823,0.03580562659846547,0.34491525423728814,0.47094430992736075,0.6658595641646489,0.4974424552429667,0.43704600484261497,0.01694915254237288,0.03026634382566586,0.04848668280871665,0.0
260,0.6914893617021277,0.9467312348668281,0.03389830508474576,0.9128329297820823,0.03580562659846547,0.3413438256658596,0.4661016949152542,0.6647094430992736,0.49232736572890023,0.43220338983050843,0.015738498789346248,0.029055690072639227,0.048426150121065374,0.0
261,0.6941489361702128,0.9467312348668281,0.03389830508474576,0.9128329297820823,0.03580562659846547,0.33777239709443097,0.46246973365617433,0.6611380145278449,0.4884910485933504,0.42857142857142855,0.015738498789346248,0.029055690072639227,0.048426150121065374,0.0
262,0.6968085106382979,0.9467312348668281,0.03389830508474576,0.9128329297820823,0.03580562659846547,0.3352905569007264,0.45883777239709445,0.6587167070217916,0.4846547314578005,0.42493946731234866,0.015738498789346248,0.02784503631961259,0.04721549636803874,0.0
263,0.699468085106383,0.9467312348668281,0.03389830508474576,0.9128329297820823,0.03580562659846547,0.3340193704600484,0.4576271186440678,0.6539951573849877,0.4833759590792839,0.423728813559322,0.01567796610169492,0.02784503631961259,0.04600484261501211,0.0
264,0.7021276595744681,0.9467312348668281,0.03389830508474576,0.9128329297820823,0.03580562659846547,0.3292372881355932,0.4539951573849879,0.6539346246973364,0.47953964194373405,0.42009685230024213,0.014527845036319613,0.02784503631961259,0.04600484261501211,0.0
265,0.7047872340425532,0.9467312348668281,0.03268765133171913,0.914043583535109,0.03452685421994885,0.3268765133171913,0.4491525423728814,0.650181598062954,0.4744245524296675,0.41646489104116224,0.014527845036319613,0.026634382566585957,0.044794188861985475,0.0
266,0.7074468085106383,0.9467312348668281,0.03268765133171913,0.914043583535109,0.03452685421994885,0.32560532687651333,0.44794188861985473,0.650181598062954,0.47314578005115093,0.4152542372881356,0.014527845036319613,0.026634382566585957,0.04364406779661011,0.0
267,0.7101063829787234,0.9467312348668281,0.03268765133171913,0.914043583535109,0.03452685421994885,0.3220338983050847,0.4424939467312349,0.6501210653753027,0.4673913043478261,0.40980629539951574,0.014527845036319613,0.025423728813559324,0.043583535108958835,0.0
268,0.7127659574468085,0.9467312348668281,0.03268765133171913,0.914043583535109,0.03452685421994885,0.32082324455205813,0.4406779661016949,0.6489709443099273,0.46547314578005117,0.40799031476997577,0.014527845036319613,0.024213075060532687,0.043583535108958835,0.0
269,0.7154255319148937,0.9467312348668281,0.03268765133171913,0.914043583535109,0.03452685421994885,0.3147094430992736,0.4346246973365617,0.648910411622276,0.459079283887468,0.4019370460048426,0.014527845036319613,0.024213075060532687,0.0423728813559322,0.0
270,0.7180851063829787,0.9467312348668281,0.03268765133171913,0.914043583535109,0.03452685421994885,0.31228813559322033,0.4322033898305085,0.6453389830508474,0.4565217391304348,0.39951573849878935,0.014467312348668285,0.023002421307506054,0.04116222760290557,0.0
271,0.7207446808510638,0.9467312348668281,0.03268765133171913,0.914043583535109,0.03452685421994885,0.30865617433414044,0.42675544794188863,0.6441283292978207,0.45076726342711,0.3940677966101695,0.013317191283292978,0.023002421307506054,0.04116222760290557,0.0
272,0.723404255319149,0.9467312348668281,0.03268765133171913,0.914043583535109,0.03452685421994885,0.3074455205811138,0.423728813559322,0.6429176755447942,0.4475703324808184,0.3910411622276029,0.013317191283292978,0.023002421307506054,0.039951573849878935,0.0
273,0.726063829787234,0.9467312348668281,0.03268765133171913,0.914043583535109,0.03452685421994885,0.30369249394673126,0.4219128329297821,0.6381961259079901,0.4456521739130435,0.38922518159806296,0.013317191283292978,0.021791767554479417,0.039951573849878935,0.0
274,0.7287234042553191,0.9467312348668281,0.03268765133171913,0.914043583535109,0.03452685421994885,0.2989709443099274,0.41828087167070216,0.6368644067796609,0.4418158567774936,0.385593220338983,0.013317191283292978,0.021791767554479417,0.039951573849878935,0.0
275,0.7313829787234043,0.9467312348668281,0.03268765133171913,0.914043583535109,0.03452685421994885,0.29782082324455206,0.41404358353510895,0.6320217917675545,0.4373401534526854,0.3813559322033898,0.012106537530266344,0.020581113801452784,0.0387409200968523,0.0
276,0.7340425531914894,0.9467312348668281,0.03268765133171913,0.914043583535109,0.03452685421994885,0.29533898305084744,0.41041162227602906,0.6320217917675545,0.43350383631713557,0.37772397094430993,0.012106537530266344,0.020581113801452784,0.03753026634382567,0.0
277,0.7367021276595744,0.9467312348668281,0.03268765133171913,0.914043583535109,0.03452685421994885,0.2917675544794189,0.40738498789346245,0.6295399515738499,0.430306905370844,0.3746973365617433,0.012106537530266344,0.020581113801452784,0.03753026634382567,0.0
278,0.7393617021276596,0.9467312348668281,0.03268765133171913,0.914043583535109,0.03452685421994885,0.2904963680387409,0.40314769975786924,0.6271791767554479,0.4258312020460358,0.3704600484261501,0.012106537530266344,0.020581113801452784,0.03753026634382567,0.0
279,0.7420212765957447,0.9467312348668281,0.03268765133171913,0.914043583535109,0.03452685421994885,0.28807506053268767,0.400726392251816,0.6248184019370459,0.42327365728900257,0.36803874092009686,0.012106537530266344,0.01937046004842615,0.035169491525423674,0.0
280,0.7446808510638298,0.9467312348668281,0.03268765133171913,0.914043583535109,0.03452685421994885,0.2857142857142857,0.39709443099273606,0.6236682808716705,0.4194373401534527,0.3644067796610169,0.012106537530266344,0.01937046004842615,0.035108958837772396,0.0
281,0.7473404255319149,0.9467312348668281,0.03268765133171913,0.914043583535109,0.03452685421994885,0.2796610169491525,0.39285714285714285,0.6210653753026635,0.4149616368286445,0.3601694915254237,0.010895883777239709,0.01937046004842615,0.03389830508474576,0.0
282,0.75,0.9467312348668281,0.03268765133171913,0.914043583535109,0.03452685421994885,0.2771186440677966,0.387409200968523,0.6187046004842615,0.4092071611253197,0.35472154963680386,0.010895883777239709,0.018159806295399514,0.03268765133171913,0.0
283,0.7526595744680851,0.9467312348668281,0.03268765133171913,0.914043583535109,0.03452685421994885,0.274818401937046,0.3837772397094431,0.6151937046004841,0.4053708439897698,0.35108958837772397,0.010895883777239709,0.018159806295399514,0.031476997578692496,0.0
284,0.7553191489361702,0.9467312348668281,0.03268765133171913,0.914043583535109,0.03452685421994885,0.2722760290556901,0.3813559322033898,0.612590799031477,0.40281329923273657,0.3486682808716707,0.010895883777239709,0.018159806295399514,0.030326876513317138,0.0
285,0.7579787234042553,0.9467312348668281,0.03268765133171913,0.914043583535109,0.03452685421994885,0.2687651331719128,0.37772397094430993,0.6114406779661017,0.3989769820971867,0.3450363196125908,0.010895883777239709,0.01694915254237288,0.03026634382566586,0.0
286,0.7606382978723404,0.9467312348668281,0.031476997578692496,0.9152542372881356,0.03324808184143223,0.2674939467312349,0.37590799031476996,0.6066585956416464,0.39705882352941174,0.34443099273607747,0.010895883777239709,0.01694915254237288,0.03026634382566586,0.0
287,0.7632978723404256,0.9467312348668281,0.031476997578692496,0.9152542372881356,0.03324808184143223,0.2613801452784504,0.3728813559322034,0.6065980629539951,0.3938618925831202,0.3414043583535109,0.01083535108958838,0.01694915254237288,0.029116222760290505,0.0
288,0.7659574468085106,0.9467312348668281,0.031476997578692496,0.9152542372881356,0.03324808184143223,0.2590193704600484,0.3704600484261501,0.6030266343825664,0.3913043478260869,0.3389830508474576,0.009685230024213076,0.01694915254237288,0.029055690072639227,0.0
289,0.7686170212765957,0.9467312348668281,0.031476997578692496,0.9152542372881356,0.03324808184143223,0.2578087167070218,0.36803874092009686,0.59818401937046,0.38874680306905374,0.3365617433414044,0.009685230024213076,0.015738498789346248,0.02784503631961259,0.0
290,0.7712765957446809,0.9467312348668281,0.031476997578692496,0.9152542372881356,0.03324808184143223,0.2542372881355932,0.36561743341404357,0.59818401937046,0.38618925831202044,0.3341404358353511,0.009685230024213076,0.015738498789346248,0.02784503631961259,0.0
291,0.773936170212766,0.9467312348668281,0.031476997578692496,0.9152542372881356,0.03324808184143223,0.25181598062953997,0.36319612590799033,0.5981234866828087,0.3836317135549872,0.33171912832929784,0.009685230024213076,0.015738498789346248,0.026694915254237235,0.0
292,0.776595744680851,0.9467312348668281,0.031476997578692496,0.9152542372881356,0.03324808184143223,0.24812348668280873,0.35714285714285715,0.5934019370460046,0.3772378516624041,0.32566585956416466,0.009685230024213076,0.014527845036319613,0.026694915254237235,0.0
293,0.7792553191489362,0.9467312348668281,0.031476997578692496,0.9152542372881356,0.03324808184143223,0.24570217917675546,0.3498789346246973,0.5896489104116223,0.3695652173913043,0.31840193704600483,0.009685230024213076,0.014527845036319613,0.026634382566585957,0.0
294,0.7819148936170213,0.9467312348668281,0.031476997578692496,0.9152542372881356,0.03324808184143223,0.24334140435835352,0.34685230024213076,0.5836561743341403,0.3663682864450128,0.3153753026634383,0.009685230024213076,0.014527845036319613,0.026634382566585957,0.0
295,0.7845744680851063,0.9467312348668281,0.031476997578692496,0.9152542372881356,0.03324808184143223,0.24092009685230023,0.34443099273607747,0.5823244552058111,0.3638107416879795,0.312953995157385,0.009685230024213076,0.014527845036319613,0.025484261501210602,0.0
296,0.7872340425531915,0.9467312348668281,0.03026634382566586,0.9164648910411622,0.0319693094629156,0.23722760290556902,0.34200968523002423,0.5811743341404357,0.3612531969309463,0.3117433414043584,0.009685230024213076,0.013317191283292978,0.025423728813559324,0.0
297,0.7898936170212766,0.9467312348668281,0.03026634382566586,0.9164648910411622,0.0319693094629156,0.23480629539951575,0.3383777239709443,0.5799636803874091,0.3574168797953964,0.30811138014527845,0.00847457627118644,0.013317191283292978,0.024273607748183965,0.0
298,0.7925531914893617,0.9467312348668281,0.03026634382566586,0.9164648910411622,0.0319693094629156,0.2288135593220339,0.3347457627118644,0.5788135593220338,0.35358056265984655,0.30447941888619856,0.00847457627118644,0.013317191283292978,0.024213075060532687,0.0
299,0.7952127659574468,0.9467312348668281,0.03026634382566586,0.9164648910411622,0.0319693094629156,0.22639225181598063,0.3311138014527845,0.5739709443099272,0.34974424552429667,0.3008474576271187,0.00847457627118644,0.013317191283292978,0.023062953995157332,0.0
300,0.7978723404255319,0.9467312348668281,0.03026634382566586,0.9164648910411622,0.0319693094629156,0.22263922518159807,0.3280871670702179,0.572639225181598,0.3465473145780051,0.29782082324455206,0.00847457627118644,0.013317191283292978,0.023002421307506054,0.0
301,0.800531914893617,0.9467312348668281,0.03026634382566586,0.9164648910411622,0.0319693094629156,0.2202179176755448,0.3238498789346247,0.5654358353510895,0.3420716112531969,0.29358353510895885,0.00847457627118644,0.012106537530266344,0.023002421307506054,0.0
302,0.8031914893617021,0.9467312348668281,0.03026634382566586,0.9164648910411622,0.0319693094629156,0.21785714285714286,0.3214285714285714,0.5653753026634383,0.33951406649616367,0.29116222760290555,0.008414043583535112,0.012106537530266344,0.021852300242130696,0.0
303,0.8058510638297872,0.9467312348668281,0.03026634382566586,0.9164648910411622,0.0319693094629156,0.2154358353510896,0.31840193704600483,0.5594430992736076,0.33631713554987214,0.288135593220339,0.007263922518159807,0.012106537530266344,0.021791767554479417,0.0
304,0.8085106382978723,0.9467312348668281,0.03026634382566586,0.9164648910411622,0.0319693094629156,0.21174334140435835,0.3135593220338983,0.559322033898305,0.3312020460358056,0.28329297820823246,0.007263922518159807,0.012106537530266344,0.021791767554479417,0.0
305,0.8111702127659575,0.9467312348668281,0.03026634382566586,0.9164648910411622,0.0319693094629156,0.20823244552058112,0.3075060532687651,0.5581113801452785,0.3248081841432225,0.2772397094430993,0.007263922518159807,0.010895883777239709,0.020581113801452784,0.0
306,0.8138297872340425,0.9467312348668281,0.029055690072639227,0.9176755447941889,0.030690537084398978,0.2033898305084746,0.3050847457627119,0.5581113801452785,0.32225063938618925,0.27602905569007263,0.007263922518159807,0.010895883777239709,0.020581113801452784,0.0
307,0.8164893617021277,0.9467312348668281,0.029055690072639227,0.9176755447941889,0.030690537084398978,0.20332929782082326,0.30387409200968524,0.5557506053268765,0.32097186700767266,0.274818401937046,0.007263922518159807,0.010895883777239709,0.020581113801452784,0.0
308,0.8191489361702128,0.9467312348668281,0.029055690072639227,0.9176755447941889,0.030690537084398978,0.1984866828087167,0.3008474576271186,0.5521791767554478,0.3177749360613811,0.27179176755447937,0.007263922518159807,0.010895883777239709,0.01943099273607743,0.0
309,0.8218085106382979,0.9467312348668281,0.029055690072639227,0.9176755447941889,0.030690537084398978,0.1973365617433414,0.2960048426150121,0.5485472154963679,0.31265984654731455,0.26694915254237284,0.007263922518159807,0.010895883777239709,0.01937046004842615,0.0
310,0.824468085106383,0.9467312348668281,0.02784503631961259,0.9188861985472155,0.029411764705882353,0.19128329297820823,0.29055690072639223,0.546186440677966,0.3069053708439897,0.2627118644067796,0.007263922518159807,0.010895883777239709,0.018159806295399514,0.0
311,0.8271276595744681,0.9467312348668281,0.026634382566585957,0.9200968523002422,0.02813299232736573,0.1864406779661017,0.2845036319612591,0.546186440677966,0.30051150895140666,0.25786924939467315,0.007263922518159807,0.010895883777239709,0.018159806295399514,0.0
312,0.8297872340425532,0.9467312348668281,0.025423728813559324,0.9213075060532687,0.026854219948849106,0.18274818401937046,0.28087167070217917,0.540193704600484,0.2966751918158568,0.25544794188861986,0.007203389830508478,0.009685230024213076,0.018159806295399514,0.0
313,0.8324468085106383,0.9467312348668281,0.025423728813559324,0.9213075060532687,0.026854219948849106,0.18038740920096852,0.2796610169491525,0.5365012106537529,0.29539641943734013,0.2542372881355932,0.006053268765133172,0.009685230024213076,0.018159806295399514,0.0
314,0.8351063829787234,0.9467312348668281,0.025423728813559324,0.9213075060532687,0.026854219948849106,0.17675544794188863,0.2772397094430993,0.5303874092009684,0.2928388746803069,0.25181598062953997,0.006053268765133172,0.009685230024213076,0.01694915254237288,0.0
315,0.8377659574468085,0.9467312348668281,0.025423728813559324,0.9213075060532687,0.026854219948849106,0.1730629539951574,0.2711864406779661,0.5279661016949151,0.2864450127877238,0.2457627118644068,0.006053268765133172,0.009685230024213076,0.01694915254237288,0.0
316,0.8404255319148937,0.9467312348668281,0.025423728813559324,0.9213075060532687,0.026854219948849106,0.17191283292978207,0.2687651331719128,0.5278450363196125,0.28388746803069054,0.2433414043583535,0.006053268765133172,0.009685230024213076,0.01694915254237288,0.0
317,0.8430851063829787,0.9467312348668281,0.025423728813559324,0.9213075060532687,0.026854219948849106,0.16937046004842615,0.26210653753026636,0.5231234866828086,0.2768542199488491,0.23668280871670705,0.006053268765133172,0.009685230024213076,0.015738498789346248,0.0
318,0.8457446808510638,0.9467312348668281,0.025423728813559324,0.9213075060532687,0.026854219948849106,0.162227602905569,0.2584745762711864,0.5219733656174332,0.2730179028132992,0.2330508474576271,0.006053268765133172,0.00847457627118644,0.015738498789346248,0.0
319,0.848404255319149,0.9467312348668281,0.025423728813559324,0.9213075060532687,0.026854219948849106,0.15980629539951574,0.25302663438256656,0.5171307506053267,0.2672634271099744,0.22760290556900725,0.006053268765133172,0.00847457627118644,0.014527845036319613,0.0
320,0.851063829787234,0.9467312348668281,0.025423728813559324,0.9213075060532687,0.026854219948849106,0.15490314769975788,0.24939467312348668,0.5169491525423728,0.26342710997442453,0.22397094430992737,0.006053268765133172,0.00847457627118644,0.014527845036319613,0.0
321,0.8537234042553191,0.9467312348668281,0.025423728813559324,0.9213075060532687,0.026854219948849106,0.15121065375302664,0.23849878934624696,0.5121670702179176,0.25191815856777494,0.21307506053268765,0.006053268765133172,0.00847457627118644,0.014527845036319613,0.0
322,0.8563829787234043,0.9467312348668281,0.025423728813559324,0.9213075060532687,0.026854219948849106,0.14527845036319612,0.2318401937046005,0.5108958837772397,0.2448849104859335,0.20641646489104115,0.006053268765133172,0.00847457627118644,0.014527845036319613,0.0
323,0.8590425531914894,0.9467312348668281,0.025423728813559324,0.9213075060532687,0.026854219948849106,0.1427360774818402,0.2257869249394673,0.5050242130750604,0.23849104859335038,0.20036319612590797,0.006053268765133172,0.00847457627118644,0.014527845036319613,0.0
324,0.8617021276595744,0.9467312348668281,0.013317191283292978,0.9334140435835351,0.014066496163682865,0.13916464891041164,0.2215496368038741,0.5012711864406779,0.2340153452685422,0.20823244552058112,0.004842615012106538,0.00847457627118644,0.014527845036319613,0.0
325,0.8643617021276596,0.9467312348668281,0.013317191283292978,0.9334140435835351,0.014066496163682865,0.13553268765133172,0.21549636803874092,0.5,0.22762148337595908,0.20217917675544794,0.004842615012106538,0.00847457627118644,0.014527845036319613,0.0
326,0.8670212765957447,0.9467312348668281,0.013317191283292978,0.9334140435835351,0.014066496163682865,0.1319007263922518,0.20883777239709445,0.4963680387409201,0.22058823529411767,0.19552058111380147,0.004842615012106538,0.007263922518159807,0.013377723970944255,0.0
327,0.8696808510638298,0.9467312348668281,0.013317191283292978,0.9334140435835351,0.014066496163682865,0.12826876513317192,0.20520581113801453,0.49515738498789347,0.21675191815856779,0.19188861985472155,0.004842615012106538,0.007263922518159807,0.013317191283292978,0.0
328,0.8723404255319149,0.9467312348668281,0.013317191283292978,0.9334140435835351,0.014066496163682865,0.12227602905569007,0.20157384987893462,0.4940072639225181,0.2129156010230179,0.18825665859564164,0.004842615012106538,0.007263922518159807,0.013317191283292978,0.0
329,0.875,0.9467312348668281,0.013317191283292978,0.9334140435835351,0.014066496163682865,0.11864406779661017,0.19854721549636803,0.48789346246973364,0.20971867007672634,0.18523002421307505,0.004842615012106538,0.007263922518159807,0.013317191283292978,0.0
330,0.8776595744680851,0.9467312348668281,0.013317191283292978,0.9334140435835351,0.014066496163682865,0.11616222760290558,0.19249394673123488,0.48668280871670705,0.20332480818414322,0.1791767554479419,0.004842615012106538,0.007263922518159807,0.012106537530266344,0.0
331,0.8803191489361702,0.9467312348668281,0.010895883777239709,0.9358353510895884,0.011508951406649615,0.11259079903147699,0.18886198547215496,0.4854721549636804,0.19948849104859334,0.17796610169491525,0.004842615012106538,0.007263922518159807,0.012106537530266344,0.0
332,0.8829787234042553,0.9467312348668281,0.00847457627118644,0.9382566585956417,0.008951406649616368,0.11131961259079903,0.18765133171912832,0.4831113801452784,0.19820971867007672,0.17917675544794187,0.004842615012106538,0.007263922518159807,0.012106537530266344,0.0
333,0.8856382978723404,0.9467312348668281,0.00847457627118644,0.9382566585956417,0.008951406649616368,0.10768765133171913,0.18280871670702178,0.48184019370460046,0.19309462915601022,0.17433414043583534,0.004842615012106538,0.007263922518159807,0.012106537530266344,0.0
334,0.8882978723404256,0.9467312348668281,0.00847457627118644,0.9382566585956417,0.008951406649616368,0.10405569007263923,0.17736077481840196,0.47699757869249393,0.18734015345268545,0.1688861985472155,0.004842615012106538,0.007263922518159807,0.010895883777239709,0.0
335,0.8909574468085106,0.9467312348668281,0.007263922518159807,0.9394673123486683,0.0076726342710997444,0.09679176755447942,0.17433414043583534,0.4734261501210653,0.18414322250639384,0.16707021791767554,0.004842615012106538,0.006053268765133172,0.010895883777239709,0.0
336,0.8936170212765957,0.9467312348668281,0.007263922518159807,0.9394673123486683,0.0076726342710997444,0.09552058111380146,0.16888619854721548,0.471004842615012,0.17838874680306904,0.16162227602905568,0.004842615012106538,0.006053268765133172,0.010895883777239709,0.0
337,0.8962765957446809,0.9467312348668281,0.007263922518159807,0.9394673123486683,0.0076726342710997444,0.0894673123486683,0.16343825665859565,0.46737288135593213,0.17263427109974425,0.15617433414043586,0.004842615012106538,0.006053268765133172,0.010895883777239709,0.0
338,0.898936170212766,0.9467312348668281,0.007263922518159807,0.9394673123486683,0.0076726342710997444,0.08220338983050848,0.15617433414043583,0.4648910411622276,0.16496163682864448,0.14891041162227603,0.004842615012106538,0.006053268765133172,0.010895883777239709,0.0
339,0.901595744680851,0.9467312348668281,0.006053268765133172,0.940677966101695,0.00639386189258312,0.07378934624697336,0.15012106537530268,0.4613801452784502,0.1585677749360614,0.1440677966101695,0.0036319612590799033,0.006053268765133172,0.009685230024213076,0.0
340,0.9042553191489362,0.9467312348668281,0.006053268765133172,0.940677966101695,0.00639386189258312,0.0713680387409201,0.14648910411622276,0.4612590799031477,0.1547314578005115,0.14043583535108958,0.0036319612590799033,0.006053268765133172,0.009685230024213076,0.0
341,0.9069148936170213,0.9467312348668281,0.006053268765133172,0.940677966101695,0.00639386189258312,0.06652542372881357,0.14164648910411623,0.45768765133171907,0.14961636828644503,0.13559322033898305,0.0036319612590799033,0.006053268765133172,0.009685230024213076,0.0
342,0.9095744680851063,0.9467312348668281,0.006053268765133172,0.940677966101695,0.00639386189258312,0.0641041162227603,0.13922518159806296,0.45042372881355924,0.14705882352941177,0.13317191283292978,0.0036319612590799033,0.006053268765133172,0.009685230024213076,0.0
343,0.9122340425531915,0.9467312348668281,0.006053268765133172,0.940677966101695,0.00639386189258312,0.06053268765133172,0.1343825665859564,0.4455811138014527,0.14194373401534527,0.12832929782082322,0.0036319612590799033,0.006053268765133172,0.009685230024213076,0.0
344,0.9148936170212766,0.9467312348668281,0.006053268765133172,0.940677966101695,0.00639386189258312,0.05320823244552059,0.12953995157384987,0.44552058111380144,0.13682864450127877,0.1234866828087167,0.0036319612590799033,0.006053268765133172,0.00847457627118644,0.0
345,0.9175531914893617,0.9467312348668281,0.006053268765133172,0.940677966101695,0.00639386189258312,0.04600484261501211,0.1271186440677966,0.44552058111380144,0.13427109974424553,0.12106537530266344,0.0036319612590799033,0.004842615012106538,0.00847457627118644,0.0
346,0.9202127659574468,0.9467312348668281,0.006053268765133172,0.940677966101695,0.00639386189258312,0.04116222760290557,0.1234866828087167,0.4408595641646487,0.13043478260869565,0.11743341404358354,0.0036319612590799033,0.004842615012106538,0.00847457627118644,0.0
347,0.9228723404255319,0.9467312348668281,0.0036319612590799033,0.9430992736077481,0.0038363171355498722,0.039951573849878935,0.11803874092009686,0.43716707021791756,0.12468030690537085,0.11440677966101696,0.0036319612590799033,0.004842615012106538,0.00847457627118644,0.0
348,0.925531914893617,0.9467312348668281,0.0036319612590799033,0.9430992736077481,0.0038363171355498722,0.035108958837772396,0.11501210653753027,0.434685230024213,0.12148337595907929,0.11138014527845037,0.0036319612590799033,0.004842615012106538,0.007324455205811083,0.0
349,0.9281914893617021,0.9467312348668281,0.0036319612590799033,0.9430992736077481,0.0038363171355498722,0.03389830508474576,0.10835351089588377,0.43341404358353514,0.11445012787723785,0.10472154963680387,0.0036319612590799033,0.004842615012106538,0.007263922518159807,0.0
350,0.9308510638297872,0.9467312348668281,0.0036319612590799033,0.9430992736077481,0.0038363171355498722,0.031476997578692496,0.10290556900726393,0.4322033898305085,0.10869565217391305,0.09927360774818403,0.0036319612590799033,0.004842615012106538,0.007263922518159807,0.0
351,0.9335106382978723,0.9467312348668281,0.0036319612590799033,0.9430992736077481,0.0038363171355498722,0.030205811138014533,0.09927360774818401,0.42984261501210647,0.10485933503836317,0.09564164648910412,0.0036319612590799033,0.004842615012106538,0.007263922518159807,0.0
352,0.9361702127659575,0.9467312348668281,0.0036319612590799033,0.9430992736077481,0.0038363171355498722,0.026634382566585957,0.09564164648910412,0.4274818401937045,0.1010230179028133,0.09200968523002422,0.0036319612590799033,0.004842615012106538,0.007263922518159807,0.0
353,0.9388297872340425,0.9467312348668281,0.0036319612590799033,0.9430992736077481,0.0038363171355498722,0.024213075060532687,0.09079903147699758,0.4225786924939467,0.0959079283887468,0.08716707021791768,0.0036319612590799033,0.004842615012106538,0.007263922518159807,0.0
354,0.9414893617021277,0.9467312348668281,0.0036319612590799033,0.9430992736077481,0.0038363171355498722,0.02173123486682809,0.08595641646489104,0.4213075060532688,0.0907928388746803,0.08232445520581114,0.0036319612590799033,0.004842615012106538,0.006053268765133172,0.0
355,0.9441489361702128,0.9467312348668281,0.0036319612590799033,0.9430992736077481,0.0038363171355498722,0.020520581113801457,0.07869249394673124,0.4141646489104115,0.08312020460358056,0.07506053268765134,0.0036319612590799033,0.004842615012106538,0.006053268765133172,0.0
356,0.9468085106382979,0.9467312348668281,0.0036319612590799033,0.9430992736077481,0.0038363171355498722,0.018159806295399514,0.07263922518159806,0.4128934624697336,0.07672634271099743,0.06900726392251816,0.0036319612590799033,0.0036319612590799033,0.006053268765133172,0.0
357,0.949468085106383,0.9467312348668281,0.0036319612590799033,0.9430992736077481,0.0038363171355498722,0.01694915254237288,0.06719128329297822,0.40684019370460045,0.07097186700767265,0.06355932203389832,0.002421307506053269,0.0036319612590799033,0.006053268765133172,0.0
358,0.9521276595744681,0.9467312348668281,0.0036319612590799033,0.9430992736077481,0.0038363171355498722,0.015738498789346248,0.0635593220338983,0.40556900726392253,0.06713554987212277,0.059927360774818396,0.002421307506053269,0.0036319612590799033,0.006053268765133172,0.0
359,0.9547872340425532,0.9467312348668281,0.0036319612590799033,0.9430992736077481,0.0038363171355498722,0.014527845036319613,0.059322033898305086,0.2755447941888558,0.06265984654731457,0.05569007263922518,0.002421307506053269,0.0036319612590799033,0.006053268765133172,0.0
360,0.9574468085106383,0.9467312348668281,0.0036319612590799033,0.9430992736077481,0.0038363171355498722,0.013317191283292978,0.05447941888619855,0.2743341404358292,0.05754475703324808,0.05084745762711864,0.002421307506053269,0.0036319612590799033,0.004903147699757814,0.0
361,0.9601063829787234,0.9467312348668281,0.0036319612590799033,0.9430992736077481,0.0038363171355498722,0.012106537530266344,0.048426150121065374,0.26065375302663407,0.05115089514066496,0.04479418886198547,0.002421307506053269,0.0036319612590799033,0.004842615012106538,0.0
362,0.9627659574468085,0.9467312348668281,0.0036319612590799033,0.9430992736077481,0.0038363171355498722,0.009685230024213076,0.04297820823244552,0.2277845036319611,0.04539641943734015,0.03934624697336561,0.002421307506053269,0.0036319612590799033,0.004842615012106538,0.0
363,0.9654255319148937,0.9467312348668281,0.0036319612590799033,0.9430992736077481,0.0038363171355498722,0.009685230024213076,0.03753026634382567,0.22276029055690072,0.03964194373401535,0.03389830508474576,0.002421307506053269,0.0036319612590799033,0.004842615012106538,0.0
364,0.9680851063829787,0.9467312348668281,0.0036319612590799033,0.9430992736077481,0.0038363171355498722,0.009685230024213076,0.03389830508474576,0.2049031476997576,0.03580562659846547,0.03026634382566586,0.002421307506053269,0.0036319612590799033,0.004842615012106538,0.0
365,0.9707446808510638,0.9467312348668281,0.0036319612590799033,0.9430992736077481,0.0038363171355498722,0.00847457627118644,0.029661016949152543,0.20230024213075049,0.03132992327365729,0.02602905569007264,0.002421307506053269,0.0036319612590799033,0.004842615012106538,0.0
366,0.973404255319149,0.9467312348668281,0.0036319612590799033,0.9430992736077481,0.0038363171355498722,0.007203389830508478,0.025423728813559324,0.18831719128329236,0.026854219948849106,0.02179176755447942,0.002421307506053269,0.0036319612590799033,0.004842615012106538,0.004
367,0.976063829787234,0.9467312348668281,0.0036319612590799033,0.9430992736077481,0.0038363171355498722,0.006053268765133172,0.02360774818401937,0.17923728813559317,0.024936061381074168,0.019975786924939468,0.002421307506053269,0.002421307506053269,0.004842615012106538,0.006
368,0.9787234042553191,0.9467312348668281,0.002421307506053269,0.9443099273607748,0.0025575447570332483,0.006053268765133172,0.01937046004842615,0.16997578692493903,0.020460358056265986,0.01694915254237288,0.002421307506053269,0.002421307506053269,0.0036319612590799033,0.0
369,0.9813829787234043,0.9467312348668281,0.002421307506053269,0.9443099273607748,0.0025575447570332483,0.004842615012106538,0.015738498789346248,0.1440677966101695,0.016624040920716114,0.013317191283292978,0.002421307506053269,0.002421307506053269,0.0036319612590799033,0.002
370,0.9840425531914894,0.9467312348668281,0.002421307506053269,0.9443099273607748,0.0025575447570332483,0.004842615012106538,0.014527845036319613,0.1343825665859564,0.015345268542199489,0.012106537530266345,0.002421307506053269,0.002421307506053269,0.0036319612590799033,0.004
371,0.9867021276595744,0.9467312348668281,0.002421307506053269,0.9443099273607748,0.0025575447570332483,0.0036319612590799033,0.013317191283292978,0.07039951573849862,0.014066496163682865,0.010895883777239709,0.002421307506053269,0.002421307506053269,0.0036319612590799033,0.018
372,0.9893617021276596,0.9467312348668281,0.002421307506053269,0.9443099273607748,0.0025575447570332483,0.0036319612590799033,0.009685230024213076,0.05811138014527845,0.010230179028132993,0.007263922518159807,0.002421307506053269,0.002421307506053269,0.0036319612590799033,0.034
373,0.9920212765957447,0.9467312348668281,0.002421307506053269,0.9443099273607748,0.0025575447570332483,0.002421307506053269,0.00847457627118644,0.04963680387409201,0.008951406649616368,0.006053268765133172,0.002421307506053269,0.002421307506053269,0.002421307506053269,0.062
374,0.9946808510638298,0.9467312348668281,0.002421307506053269,0.9443099273607748,0.0025575447570332483,0.002421307506053269,0.006053268765133172,0.03395883777239704,0.00639386189258312,0.003631961259079903,0.002421307506053269,0.002421307506053269,0.002421307506053269,0.16
375,0.9973404255319149,0.9467312348668281,0.002421307506053269,0.9443099273607748,0.0025575447570332483,0.002421307506053269,0.0036319612590799033,0.01694915254237288,0.0038363171355498722,0.0012106537530266344,0.002421307506053269,0.002421307506053269,0.002421307506053269,0.432
376,1.0,0.9467312348668281,0.0012106537530266344,0.9455205811138014,0.0012787723785166241,0.0012106537530266344,0.0012106537530266344,0.0012106537530266344,0.0012787723785166241,0.0,0.0012106537530266344,0.0012106537530266344,0.0012106537530266344,1.0
